snapshot_date,event_type,idProduct,idPerformance,eventCategory,sessionCode,idVenue,date,time,end_time,venue,event_name,event_category_name,session_name,session_info,availability_status,selling_status,is_sellable,source
2026-08-10,competition,8,8,14,BKB01,14,2026-09-10,10:00:00,21:15:00,愛知国際アリーナ,バスケットボール,バスケットボール,バスケットボール - BKB01,男子予選フェーズ （4試合）,LIMITED,BUY,True,https://generalsale.tickets-aichi-nagoya2026.org/getFilteredProductsJSON.th?eventCategoryFather=3
2026-08-10,competition,9,9,14,BKB02,14,2026-09-11,10:00:00,21:15:00,愛知国際アリーナ,バスケットボール,バスケットボール,バスケットボール - BKB02,男子予選フェーズ （4試合）,LIMITED,BUY,True,https://generalsale.tickets-aichi-nagoya2026.org/getFilteredProductsJSON.th?eventCategoryFather=3
2026-08-10,competition,10,10,14,BKB03,14,2026-09-12,10:00:00,21:15:00,愛知国際アリーナ,バスケットボール,バスケットボール,バスケットボール - BKB03,男子予選フェーズ （4試合）,LIMITED,BUY,True,https://generalsale.tickets-aichi-nagoya2026.org/getFilteredProductsJSON.th?eventCategoryFather=3
2026-08-10,competition,11,11,14,BKB04,14,2026-09-13,10:00:00,21:15:00,愛知国際アリーナ,バスケットボール,バスケットボール,バスケットボール - BKB04,男子予選フェーズ （4試合）,LIMITED,BUY,True,https://generalsale.tickets-aichi-nagoya2026.org/getFilteredProductsJSON.th?eventCategoryFather=3
2026-08-10,competition,12,12,14,BKB05,14,2026-09-14,10:00:00,15:15:00,愛知国際アリーナ,バスケットボール,バスケットボール,バスケットボール - BKB05,男子予選フェーズ （2試合）,BUY,BUY,True,https://generalsale.tickets-aichi-nagoya2026.org/getFilteredProductsJSON.th?eventCategoryFather=3
2026-08-10,competition,311,311,32,FBL03,33,2026-09-14,14:00:00,21:00:00,岐阜メモリアルセンター長良川競技場,サッカー,サッカー,サッカー - FBL03,女子1次ラウンド（2試合）,BUY,BUY,True,https://generalsale.tickets-aichi-nagoya2026.org/getFilteredProductsJSON.th?eventCategoryFather=3
2026-08-10,competition,309,309,32,FBL01,59,2026-09-14,16:00:00,21:30:00,小笠山総合運動公園エコパスタジアム,サッカー,サッカー,サッカー - FBL01,女子1次ラウンド（2試合）,BUY,BUY,True,https://generalsale.tickets-aichi-nagoya2026.org/getFilteredProductsJSON.th?eventCategoryFather=3
2026-08-10,competition,310,310,32,FBL02,36,2026-09-14,16:00:00,21:30:00,長居陸上競技場,サッカー,サッカー,サッカー - FBL02,女子1次ラウンド（2試合）,BUY,BUY,True,https://generalsale.tickets-aichi-nagoya2026.org/getFilteredProductsJSON.th?eventCategoryFather=3
2026-08-10,competition,314,314,32,FBL06,43,2026-09-15,15:30:00,21:00:00,名古屋市港サッカー場,サッカー,サッカー,サッカー - FBL06,男子1次ラウンド（2試合）,BUY,BUY,True,https://generalsale.tickets-aichi-nagoya2026.org/getFilteredProductsJSON.th?eventCategoryFather=3
2026-08-10,competition,313,313,32,FBL05,46,2026-09-15,19:30:00,21:30:00,名古屋市瑞穂公園ラグビー場,サッカー,サッカー,サッカー - FBL05,男子1次ラウンド（1試合）,BUY,BUY,True,https://generalsale.tickets-aichi-nagoya2026.org/getFilteredProductsJSON.th?eventCategoryFather=3
2026-08-10,competition,13,13,14,BKB06,14,2026-09-16,10:00:00,21:15:00,愛知国際アリーナ,バスケットボール,バスケットボール,バスケットボール - BKB06,男子準々決勝 （4試合）,LIMITED,BUY,True,https://generalsale.tickets-aichi-nagoya2026.org/getFilteredProductsJSON.th?eventCategoryFather=3
2026-08-10,competition,137,137,40,MPN01,21,2026-09-16,10:00:00,13:00:00,安城市総合運動公園,近代五種,近代五種,近代五種 - MPN01,女子フェンシング ー シーディングラウンド,SOLD_OUT,BUY,True,https://generalsale.tickets-aichi-nagoya2026.org/getFilteredProductsJSON.th?eventCategoryFather=3
2026-08-10,competition,184,184,55,VVO01,57,2026-09-16,10:00:00,21:20:00,小牧市スポーツ公園総合体育館,バレーボール,バレーボール,バレーボール - VVO01,女子ファーストラウンド（4試合）,LIMITED,BUY,True,https://generalsale.tickets-aichi-nagoya2026.org/getFilteredProductsJSON.th?eventCategoryFather=3
2026-08-10,competition,185,185,55,VVO02,55,2026-09-16,10:00:00,21:00:00,岡崎中央総合公園総合体育館,バレーボール,バレーボール,バレーボール - VVO02,女子ファーストラウンド（4試合）,LIMITED,BUY,True,https://generalsale.tickets-aichi-nagoya2026.org/getFilteredProductsJSON.th?eventCategoryFather=3
2026-08-10,competition,316,316,32,FBL08,67,2026-09-16,14:00:00,21:00:00,ウェーブスタジアム刈谷,サッカー,サッカー,サッカー - FBL08,男子1次ラウンド（2試合）,BUY,BUY,True,https://generalsale.tickets-aichi-nagoya2026.org/getFilteredProductsJSON.th?eventCategoryFather=3
2026-08-10,competition,138,138,40,MPN02,21,2026-09-16,14:30:00,17:30:00,安城市総合運動公園,近代五種,近代五種,近代五種 - MPN02,男子フェンシング ー シーディングラウンド,BUY,BUY,True,https://generalsale.tickets-aichi-nagoya2026.org/getFilteredProductsJSON.th?eventCategoryFather=3
2026-08-10,competition,315,315,32,FBL07,66,2026-09-16,16:00:00,21:30:00,豊田スタジアム,サッカー,サッカー,サッカー - FBL07,男子1次ラウンド（2試合）,BUY,BUY,True,https://generalsale.tickets-aichi-nagoya2026.org/getFilteredProductsJSON.th?eventCategoryFather=3
2026-08-10,competition,471,471,23,CKT01,34,2026-09-17,09:00:00,12:00:00,愛知県口論義運動公園,クリケット（T20）,クリケット（T20）,クリケット (T20) - CKT01,女子準々決勝,BUY,BUY,True,https://generalsale.tickets-aichi-nagoya2026.org/getFilteredProductsJSON.th?eventCategoryFather=3
2026-08-10,competition,139,139,40,MPN03,21,2026-09-17,10:00:00,11:30:00,安城市総合運動公園,近代五種,近代五種,近代五種 - MPN03,女子準決勝グループA   (フェンシング - ダイレクトエリミネーション ／ オブスタクル ／ 水泳 ／ レーザーラン),SOLD_OUT,BUY,True,https://generalsale.tickets-aichi-nagoya2026.org/getFilteredProductsJSON.th?eventCategoryFather=3
2026-08-10,competition,186,186,55,VVO03,57,2026-09-17,10:00:00,21:20:00,小牧市スポーツ公園総合体育館,バレーボール,バレーボール,バレーボール - VVO03,女子ファーストラウンド（4試合）,LIMITED,BUY,True,https://generalsale.tickets-aichi-nagoya2026.org/getFilteredProductsJSON.th?eventCategoryFather=3
2026-08-10,competition,187,187,55,VVO04,55,2026-09-17,10:00:00,21:00:00,岡崎中央総合公園総合体育館,バレーボール,バレーボール,バレーボール - VVO04,女子ファーストラウンド（4試合）,BUY,BUY,True,https://generalsale.tickets-aichi-nagoya2026.org/getFilteredProductsJSON.th?eventCategoryFather=3
2026-08-10,competition,14,14,14,BKB07,14,2026-09-17,13:00:00,21:15:00,愛知国際アリーナ,バスケットボール,バスケットボール,バスケットボール - BKB07,女子予選フェーズ （3試合）,BUY,BUY,True,https://generalsale.tickets-aichi-nagoya2026.org/getFilteredProductsJSON.th?eventCategoryFather=3
2026-08-10,competition,319,319,32,FBL11,33,2026-09-17,14:00:00,21:00:00,岐阜メモリアルセンター長良川競技場,サッカー,サッカー,サッカー - FBL11,女子1次ラウンド（2試合）,BUY,BUY,True,https://generalsale.tickets-aichi-nagoya2026.org/getFilteredProductsJSON.th?eventCategoryFather=3
2026-08-10,competition,472,472,23,CKT02,34,2026-09-17,14:00:00,17:00:00,愛知県口論義運動公園,クリケット（T20）,クリケット（T20）,クリケット (T20) - CKT02,女子準々決勝,BUY,BUY,True,https://generalsale.tickets-aichi-nagoya2026.org/getFilteredProductsJSON.th?eventCategoryFather=3
2026-08-10,competition,140,140,40,MPN04,21,2026-09-17,15:00:00,16:30:00,安城市総合運動公園,近代五種,近代五種,近代五種 - MPN04,女子準決勝グループB   (フェンシング - ダイレクトエリミネーション ／ オブスタクル ／ 水泳 ／ レーザーラン),SOLD_OUT,BUY,True,https://generalsale.tickets-aichi-nagoya2026.org/getFilteredProductsJSON.th?eventCategoryFather=3
2026-08-10,competition,317,317,32,FBL09,59,2026-09-17,16:00:00,21:30:00,小笠山総合運動公園エコパスタジアム,サッカー,サッカー,サッカー - FBL09,女子1次ラウンド（2試合）,BUY,BUY,True,https://generalsale.tickets-aichi-nagoya2026.org/getFilteredProductsJSON.th?eventCategoryFather=3
2026-08-10,competition,318,318,32,FBL10,36,2026-09-17,16:00:00,21:30:00,長居陸上競技場,サッカー,サッカー,サッカー - FBL10,女子1次ラウンド（2試合）,BUY,BUY,True,https://generalsale.tickets-aichi-nagoya2026.org/getFilteredProductsJSON.th?eventCategoryFather=3
2026-08-10,competition,115,115,36,HOC01,25,2026-09-18,09:00:00,20:30:00,岐阜県グリーンスタジアム,ホッケー,ホッケー,ホッケー - HOC01,女子予選ラウンド（4試合）／男子予選ラウンド（2試合）,BUY,BUY,True,https://generalsale.tickets-aichi-nagoya2026.org/getFilteredProductsJSON.th?eventCategoryFather=3
2026-08-10,competition,352,352,52,TST01,41,2026-09-18,09:00:00,18:45:00,名古屋市東山公園テニスセンター,ソフトテニス,ソフトテニス,ソフトテニス - TST01,男子団体 ／ 予選ラウンド～準々決勝   ／ 女子団体 ／ 予選ラウンド～準々決勝,LIMITED,BUY,True,https://generalsale.tickets-aichi-nagoya2026.org/getFilteredProductsJSON.th?eventCategoryFather=3
2026-08-10,competition,473,473,23,CKT03,34,2026-09-18,09:00:00,12:00:00,愛知県口論義運動公園,クリケット（T20）,クリケット（T20）,クリケット (T20) - CKT03,女子準々決勝,BUY,BUY,True,https://generalsale.tickets-aichi-nagoya2026.org/getFilteredProductsJSON.th?eventCategoryFather=3
2026-08-10,competition,141,141,40,MPN05,21,2026-09-18,10:00:00,11:30:00,安城市総合運動公園,近代五種,近代五種,近代五種 - MPN05,男子準決勝グループA   (フェンシング - ダイレクトエリミネーション ／ オブスタクル ／ 水泳 ／ レーザーラン),SOLD_OUT,BUY,True,https://generalsale.tickets-aichi-nagoya2026.org/getFilteredProductsJSON.th?eventCategoryFather=3
2026-08-10,competition,15,15,14,BKB08,14,2026-09-18,10:00:00,21:15:00,愛知国際アリーナ,バスケットボール,バスケットボール,バスケットボール - BKB08,女子予選フェーズ （2試合） ／ 男子準決勝 （2試合）,LIMITED,BUY,True,https://generalsale.tickets-aichi-nagoya2026.org/getFilteredProductsJSON.th?eventCategoryFather=3
2026-08-10,competition,188,188,55,VVO05,57,2026-09-18,10:00:00,21:20:00,小牧市スポーツ公園総合体育館,バレーボール,バレーボール,バレーボール - VVO05,女子ファーストラウンド（4試合）,LIMITED,BUY,True,https://generalsale.tickets-aichi-nagoya2026.org/getFilteredProductsJSON.th?eventCategoryFather=3
2026-08-10,competition,189,189,55,VVO06,55,2026-09-18,10:00:00,21:00:00,岡崎中央総合公園総合体育館,バレーボール,バレーボール,バレーボール - VVO06,女子ファーストラウンド（4試合）,BUY,BUY,True,https://generalsale.tickets-aichi-nagoya2026.org/getFilteredProductsJSON.th?eventCategoryFather=3
2026-08-10,competition,474,474,23,CKT04,34,2026-09-18,14:00:00,17:00:00,愛知県口論義運動公園,クリケット（T20）,クリケット（T20）,クリケット (T20) - CKT04,女子準々決勝,BUY,BUY,True,https://generalsale.tickets-aichi-nagoya2026.org/getFilteredProductsJSON.th?eventCategoryFather=3
2026-08-10,competition,142,142,40,MPN06,21,2026-09-18,15:00:00,16:30:00,安城市総合運動公園,近代五種,近代五種,近代五種 - MPN06,男子準決勝グループB   (フェンシング - ダイレクトエリミネーション ／ オブスタクル ／ 水泳 ／ レーザーラン),SOLD_OUT,BUY,True,https://generalsale.tickets-aichi-nagoya2026.org/getFilteredProductsJSON.th?eventCategoryFather=3
2026-08-10,competition,322,322,32,FBL14,43,2026-09-18,15:30:00,21:00:00,名古屋市港サッカー場,サッカー,サッカー,サッカー - FBL14,男子1次ラウンド（2試合）,BUY,BUY,True,https://generalsale.tickets-aichi-nagoya2026.org/getFilteredProductsJSON.th?eventCategoryFather=3
2026-08-10,competition,321,321,32,FBL13,46,2026-09-18,19:30:00,21:30:00,名古屋市瑞穂公園ラグビー場,サッカー,サッカー,サッカー - FBL13,男子1次ラウンド（1試合）,BUY,BUY,True,https://generalsale.tickets-aichi-nagoya2026.org/getFilteredProductsJSON.th?eventCategoryFather=3
2026-08-10,competition,16,16,14,BKB09,14,2026-09-19,10:00:00,14:15:00,愛知国際アリーナ,バスケットボール,バスケットボール,バスケットボール - BKB09,女子予選フェーズ （1試合）,BUY,BUY,True,https://generalsale.tickets-aichi-nagoya2026.org/getFilteredProductsJSON.th?eventCategoryFather=3
2026-08-10,opening_ceremony,245,245,78,OOC01,44,2026-09-19,18:00:00,20:00:00,名古屋市瑞穂公園陸上競技場,開会式 (アジア大会),開会式,開会式（アジア大会） - OOC01,セレモニー,SOLD_OUT,BUY,True,https://generalsale.tickets-aichi-nagoya2026.org/getFilteredProductsJSON.th?eventCategoryFather=3
2026-08-10,competition,357,357,54,TRI01,24,2026-09-20,08:30:00,12:20:00,蒲郡市内特設コース,トライアスロン,トライアスロン,トライアスロン - TRI01,男子個人 ／ 女子個人 / メダル,LIMITED,BUY,True,https://generalsale.tickets-aichi-nagoya2026.org/getFilteredProductsJSON.th?eventCategoryFather=3
2026-08-10,competition,116,116,36,HOC02,25,2026-09-20,09:00:00,20:30:00,岐阜県グリーンスタジアム,ホッケー,ホッケー,ホッケー - HOC02,男子予選ラウンド（4試合）／女子予選ラウンド（2試合）,BUY,BUY,True,https://generalsale.tickets-aichi-nagoya2026.org/getFilteredProductsJSON.th?eventCategoryFather=3
2026-08-10,competition,144,144,41,ROW01,38,2026-09-20,09:00:00,12:00:00,長良川国際レガッタコース,ローイング,ローイング,ローイング - ROW01,男子シングルスカル 予選 ／ 男子ダブルスカル 予選 ／ 男子ペア 予選 ／ 男子フォア 予選 ／ 女子フォア 予選 ／ 女子軽量級シングルスカル 予選 ／ 女子軽量級ダブルスカル 予選 ／ 男子シングルスカル 準々決勝 ／ 男子ダブルスカル 準々決勝,BUY,BUY,True,https://generalsale.tickets-aichi-nagoya2026.org/getFilteredProductsJSON.th?eventCategoryFather=3
2026-08-10,competition,152,152,45,SHO01,15,2026-09-20,09:00:00,16:00:00,愛知県総合射撃場,射撃,射撃,射撃 - SHO01,女子10mエアライフル本選／女子10mエアライフル決勝／女子10mエアライフル表彰式 / メダル,SOLD_OUT,BUY,True,https://generalsale.tickets-aichi-nagoya2026.org/getFilteredProductsJSON.th?eventCategoryFather=3
2026-08-10,competition,353,353,52,TST02,41,2026-09-20,09:00:00,20:15:00,名古屋市東山公園テニスセンター,ソフトテニス,ソフトテニス,ソフトテニス - TST02,男子団体 ／ 準決勝～決勝   ／ 女子団体 ／ 準決勝～決勝 / メダル,SOLD_OUT,BUY,True,https://generalsale.tickets-aichi-nagoya2026.org/getFilteredProductsJSON.th?eventCategoryFather=3
2026-08-10,competition,359,359,56,VBV01,26,2026-09-20,09:00:00,16:00:00,碧南緑地ビーチコート,ビーチバレーボール,ビーチバレーボール,ビーチバレー - VBV01,男子または女子予選ラウンド（6試合）,LIMITED,BUY,True,https://generalsale.tickets-aichi-nagoya2026.org/getFilteredProductsJSON.th?eventCategoryFather=3
2026-08-10,competition,374,374,59,WSU01,16,2026-09-20,09:00:00,16:30:00,愛知県武道館,武術太極拳,武術太極拳,武術太極拳 - WSU01,男子長拳 決勝 ／ 女子太極拳・太極剣 決勝 / メダル,SOLD_OUT,BUY,True,https://generalsale.tickets-aichi-nagoya2026.org/getFilteredProductsJSON.th?eventCategoryFather=3
2026-08-10,competition,383,383,44,SEW01,45,2026-09-20,09:00:00,12:00:00,名古屋市瑞穂公園体育館,セパタクロー,セパタクロー,セパタクロー - SEW01,男子チームレグ 予選,SOLD_OUT,BUY,True,https://generalsale.tickets-aichi-nagoya2026.org/getFilteredProductsJSON.th?eventCategoryFather=3
2026-08-10,competition,475,475,23,CKT05,34,2026-09-20,09:00:00,12:00:00,愛知県口論義運動公園,クリケット（T20）,クリケット（T20）,クリケット (T20) - CKT05,女子準決勝,BUY,BUY,True,https://generalsale.tickets-aichi-nagoya2026.org/getFilteredProductsJSON.th?eventCategoryFather=3
2026-08-10,competition,295,295,11,BDM01,27,2026-09-20,09:30:00,20:30:00,一宮市総合体育館,バドミントン,バドミントン,バドミントン - BDM01,女子団体 1回戦 ／ 男子団体 1回戦,SOLD_OUT,BUY,True,https://generalsale.tickets-aichi-nagoya2026.org/getFilteredProductsJSON.th?eventCategoryFather=3
2026-08-10,competition,1,1,7,SWM01,62,2026-09-20,10:00:00,12:00:00,東京アクアティクスセンター,水泳 (競泳),水泳 (競泳),水泳（競泳） - SWM01,女子200mバタフライ 予選 ／ 男子200m個人メドレー 予選 ／ 女子1500m自由形  タイム決勝① ／ 男子100m自由形 予選 ／ 女子50ｍ平泳ぎ 予選 ／ 男子100m背泳ぎ 予選 ／ 女子4×100mフリーリレー 予選,LIMITED,BUY,True,https://generalsale.tickets-aichi-nagoya2026.org/getFilteredProductsJSON.th?eventCategoryFather=3
2026-08-10,competition,143,143,40,MPN07,21,2026-09-20,10:00:00,12:30:00,安城市総合運動公園,近代五種,近代五種,近代五種 - MPN07,女子決勝、表彰式  (フェンシング - ダイレクトエリミネーション ／ オブスタクル ／ 水泳 ／ レーザーラン) / メダル,SOLD_OUT,BUY,True,https://generalsale.tickets-aichi-nagoya2026.org/getFilteredProductsJSON.th?eventCategoryFather=3
2026-08-10,competition,165,165,50,TTE01,60,2026-09-20,10:00:00,22:00:00,スカイホール豊田,卓球,卓球,卓球 - TTE01,女子団体予選リーグ ラウンド１、２ ／ 男子団体予選リーグ ラウンド1、２,LIMITED,BUY,True,https://generalsale.tickets-aichi-nagoya2026.org/getFilteredProductsJSON.th?eventCategoryFather=3
2026-08-10,competition,17,17,14,BKB10,14,2026-09-20,10:00:00,21:55:00,愛知国際アリーナ,バスケットボール,バスケットボール,バスケットボール - BKB10,女子予選フェーズ （2試合） ／ 男子3位決定戦 ／ 男子決勝 / メダル,LIMITED,BUY,True,https://generalsale.tickets-aichi-nagoya2026.org/getFilteredProductsJSON.th?eventCategoryFather=3
2026-08-10,competition,190,190,55,VVO07,57,2026-09-20,10:00:00,21:20:00,小牧市スポーツ公園総合体育館,バレーボール,バレーボール,バレーボール - VVO07,女子準々決勝（4試合）,SOLD_OUT,BUY,True,https://generalsale.tickets-aichi-nagoya2026.org/getFilteredProductsJSON.th?eventCategoryFather=3
2026-08-10,competition,191,191,55,VVO08,55,2026-09-20,10:00:00,21:00:00,岡崎中央総合公園総合体育館,バレーボール,バレーボール,バレーボール - VVO08,女子9位-16位決定戦（4試合）,BUY,BUY,True,https://generalsale.tickets-aichi-nagoya2026.org/getFilteredProductsJSON.th?eventCategoryFather=3
2026-08-10,competition,441,441,39,KTE01,64,2026-09-20,10:00:00,19:10:00,豊橋市総合体育館,空手,空手,空手 - KTE01,1回の購入につき合計12枚まで購入可。車いす席は1回の購入につき2枚まで。/ メダル,LIMITED,BUY,True,https://generalsale.tickets-aichi-nagoya2026.org/getFilteredProductsJSON.th?eventCategoryFather=3
2026-08-10,competition,467,467,22,MMA01,42,2026-09-20,10:00:00,13:00:00,名古屋市稲永スポーツセンター,コンバットスポーツ (総合格闘技),コンバットスポーツ (総合格闘技),コンバットスポーツ（総合格闘技） - MMA01,男子モダン60kg予選 ／ 女子モダン54kg予選 ／ 男子トラディショナル65kg予選,BUY,BUY,True,https://generalsale.tickets-aichi-nagoya2026.org/getFilteredProductsJSON.th?eventCategoryFather=3
2026-08-10,competition,101,101,35,HBL01,51,2026-09-20,13:30:00,20:00:00,エントリオ,ハンドボール,ハンドボール,ハンドボール - HBL01,男子予選ラウンド（3試合）,SOLD_OUT,BUY,True,https://generalsale.tickets-aichi-nagoya2026.org/getFilteredProductsJSON.th?eventCategoryFather=3
2026-08-10,competition,102,102,35,HBL02,31,2026-09-20,13:30:00,19:00:00,春日井市総合体育館,ハンドボール,ハンドボール,ハンドボール - HBL02,男子予選ラウンド（3試合）,SOLD_OUT,BUY,True,https://generalsale.tickets-aichi-nagoya2026.org/getFilteredProductsJSON.th?eventCategoryFather=3
2026-08-10,competition,324,324,32,FBL16,67,2026-09-20,14:00:00,21:00:00,ウェーブスタジアム刈谷,サッカー,サッカー,サッカー - FBL16,男子1次ラウンド（2試合）,LIMITED,BUY,True,https://generalsale.tickets-aichi-nagoya2026.org/getFilteredProductsJSON.th?eventCategoryFather=3
2026-08-10,competition,384,384,44,SEW02,45,2026-09-20,14:00:00,17:00:00,名古屋市瑞穂公園体育館,セパタクロー,セパタクロー,セパタクロー - SEW02,女子チームレグ 予選,SOLD_OUT,BUY,True,https://generalsale.tickets-aichi-nagoya2026.org/getFilteredProductsJSON.th?eventCategoryFather=3
2026-08-10,competition,476,476,23,CKT06,34,2026-09-20,14:00:00,17:00:00,愛知県口論義運動公園,クリケット（T20）,クリケット（T20）,クリケット (T20) - CKT06,女子準決勝,BUY,BUY,True,https://generalsale.tickets-aichi-nagoya2026.org/getFilteredProductsJSON.th?eventCategoryFather=3
2026-08-10,competition,260,260,8,WPO01,40,2026-09-20,14:30:00,19:15:00,名古屋市総合体育館［レインボープール］,水泳 (水球),水泳 (水球),水泳（水球） - WPO01,女子総当たり戦（3試合）,SOLD_OUT,BUY,True,https://generalsale.tickets-aichi-nagoya2026.org/getFilteredProductsJSON.th?eventCategoryFather=3
2026-08-10,competition,527,527,40,MPN08,21,2026-09-20,14:30:00,17:00:00,安城市総合運動公園,近代五種,近代五種,近代五種 - MPN08,男子決勝、表彰式  (フェンシング - ダイレクトエリミネーション ／ オブスタクル ／ 水泳 ／ レーザーラン) / メダル,SOLD_OUT,BUY,True,https://generalsale.tickets-aichi-nagoya2026.org/getFilteredProductsJSON.th?eventCategoryFather=3
2026-08-10,competition,323,323,32,FBL15,66,2026-09-20,16:00:00,21:30:00,豊田スタジアム,サッカー,サッカー,サッカー - FBL15,男子1次ラウンド（2試合）,BUY,BUY,True,https://generalsale.tickets-aichi-nagoya2026.org/getFilteredProductsJSON.th?eventCategoryFather=3
2026-08-10,competition,468,468,22,MMA02,42,2026-09-20,16:00:00,19:00:00,名古屋市稲永スポーツセンター,コンバットスポーツ (総合格闘技),コンバットスポーツ (総合格闘技),コンバットスポーツ（総合格闘技） - MMA02,女子トラディショナル60kg予選 ／ 男子モダン71kg予選 ／ 男子トラディショナル77kg予選,BUY,BUY,True,https://generalsale.tickets-aichi-nagoya2026.org/getFilteredProductsJSON.th?eventCategoryFather=3
2026-08-10,competition,2,2,7,SWM02,62,2026-09-20,17:00:00,19:00:00,東京アクアティクスセンター,水泳 (競泳),水泳 (競泳),水泳（競泳） - SWM02,女子200mバタフライ 決勝 ／ 男子200m個人メドレー 決勝 ／ 女子1500m自由形 タイム決勝②／ 男子100m自由形 決勝 ／ 女子50ｍ平泳ぎ 決勝 ／ 男子100m背泳ぎ 決勝 ／ 女子4×100mフリーリレー 決勝 / メダル,LIMITED,BUY,True,https://generalsale.tickets-aichi-nagoya2026.org/getFilteredProductsJSON.th?eventCategoryFather=3
2026-08-10,competition,375,375,59,WSU02,16,2026-09-20,19:30:00,21:30:00,愛知県武道館,武術太極拳,武術太極拳,武術太極拳 - WSU02,男子散打 1/16決勝 ／ 女子散打 1/16決勝,LIMITED,BUY,True,https://generalsale.tickets-aichi-nagoya2026.org/getFilteredProductsJSON.th?eventCategoryFather=3
2026-08-10,competition,117,117,36,HOC03,25,2026-09-21,09:00:00,20:30:00,岐阜県グリーンスタジアム,ホッケー,ホッケー,ホッケー - HOC03,女子予選ラウンド（6試合）,BUY,BUY,True,https://generalsale.tickets-aichi-nagoya2026.org/getFilteredProductsJSON.th?eventCategoryFather=3
2026-08-10,competition,145,145,41,ROW02,38,2026-09-21,09:00:00,12:00:00,長良川国際レガッタコース,ローイング,ローイング,ローイング - ROW02,男子クオドルプルスカル 予選 ／ 男子軽量級シングルスカル 予選 ／ 男子軽量級ダブルスカル 予選 ／ 女子シングルスカル 予選 ／ 女子ダブルスカル 予選 ／ 女子ペア 予選 ／ 女子クオドルプルスカル 予選 ／ 男子軽量級シングルスカル 準々決勝 ／ 女子シングルスカル 準々決勝,BUY,BUY,True,https://generalsale.tickets-aichi-nagoya2026.org/getFilteredProductsJSON.th?eventCategoryFather=3
2026-08-10,competition,153,153,45,SHO02,15,2026-09-21,09:00:00,16:00:00,愛知県総合射撃場,射撃,射撃,射撃 - SHO02,男子10mエアライフル本選／男子10mエアライフル決勝／男子10mエアライフル表彰式／女子スキート本選１日目／男子スキート本選１日目 / メダル,SOLD_OUT,BUY,True,https://generalsale.tickets-aichi-nagoya2026.org/getFilteredProductsJSON.th?eventCategoryFather=3
2026-08-10,competition,208,208,56,VBV02,26,2026-09-21,09:00:00,16:00:00,碧南緑地ビーチコート,ビーチバレーボール,ビーチバレーボール,ビーチバレー - VBV02,男子または女子予選ラウンド（6試合）,BUY,BUY,True,https://generalsale.tickets-aichi-nagoya2026.org/getFilteredProductsJSON.th?eventCategoryFather=3
2026-08-10,competition,354,354,52,TST03,41,2026-09-21,09:00:00,19:00:00,名古屋市東山公園テニスセンター,ソフトテニス,ソフトテニス,ソフトテニス - TST03,混合ダブルス ／ 予選ラウンド～決勝ラウンド / メダル,LIMITED,BUY,True,https://generalsale.tickets-aichi-nagoya2026.org/getFilteredProductsJSON.th?eventCategoryFather=3
2026-08-10,competition,376,376,59,WSU03,16,2026-09-21,09:00:00,16:30:00,愛知県武道館,武術太極拳,武術太極拳,武術太極拳 - WSU03,女子長拳 決勝 ／ 男子太極拳・太極剣 決勝 / メダル,SOLD_OUT,BUY,True,https://generalsale.tickets-aichi-nagoya2026.org/getFilteredProductsJSON.th?eventCategoryFather=3
2026-08-10,competition,385,385,44,SEW03,45,2026-09-21,09:00:00,12:00:00,名古屋市瑞穂公園体育館,セパタクロー,セパタクロー,セパタクロー - SEW03,男子チームレグ 予選,SOLD_OUT,BUY,True,https://generalsale.tickets-aichi-nagoya2026.org/getFilteredProductsJSON.th?eventCategoryFather=3
2026-08-10,competition,296,296,11,BDM02,27,2026-09-21,09:30:00,20:30:00,一宮市総合体育館,バドミントン,バドミントン,バドミントン - BDM02,女子団体 2回戦 ／ 男子団体 2回戦,LIMITED,BUY,True,https://generalsale.tickets-aichi-nagoya2026.org/getFilteredProductsJSON.th?eventCategoryFather=3
2026-08-10,competition,308,308,29,EQU01,29,2026-09-21,09:30:00,13:15:00,馬事公苑,馬術,馬術,馬術 - EQU01,総合馬術 – 馬場馬術団体＆馬場馬術個人,LIMITED,BUY,True,https://generalsale.tickets-aichi-nagoya2026.org/getFilteredProductsJSON.th?eventCategoryFather=3
2026-08-10,competition,358,358,54,TRI02,24,2026-09-21,09:30:00,11:30:00,蒲郡市内特設コース,トライアスロン,トライアスロン,トライアスロン - TRI02,男女混合 リレー / メダル,SOLD_OUT,BUY,True,https://generalsale.tickets-aichi-nagoya2026.org/getFilteredProductsJSON.th?eventCategoryFather=3
2026-08-10,competition,399,399,38,KAB01,61,2026-09-21,09:30:00,14:00:00,東海市民体育館,カバディ,カバディ,カバディ - KAB01,男子予選ラウンド ／ 女子予選ラウンド （４試合）,SOLD_OUT,BUY,True,https://generalsale.tickets-aichi-nagoya2026.org/getFilteredProductsJSON.th?eventCategoryFather=3
2026-08-10,competition,103,103,35,HBL03,51,2026-09-21,10:00:00,21:30:00,エントリオ,ハンドボール,ハンドボール,ハンドボール - HBL03,男子予選ラウンド（5試合）,SOLD_OUT,BUY,True,https://generalsale.tickets-aichi-nagoya2026.org/getFilteredProductsJSON.th?eventCategoryFather=3
2026-08-10,competition,104,104,35,HBL04,31,2026-09-21,10:00:00,19:30:00,春日井市総合体育館,ハンドボール,ハンドボール,ハンドボール - HBL04,男子予選ラウンド（1試合） ／ 女子予選ラウンド（4試合）,SOLD_OUT,BUY,True,https://generalsale.tickets-aichi-nagoya2026.org/getFilteredProductsJSON.th?eventCategoryFather=3
2026-08-10,competition,166,166,50,TTE02,60,2026-09-21,10:00:00,16:00:00,スカイホール豊田,卓球,卓球,卓球 - TTE02,女子団体予選リーグ ラウンド3 ／ 男子団体予選リーグ ラウンド3,LIMITED,BUY,True,https://generalsale.tickets-aichi-nagoya2026.org/getFilteredProductsJSON.th?eventCategoryFather=3
2026-08-10,competition,192,192,55,VVO09,57,2026-09-21,10:00:00,21:20:00,小牧市スポーツ公園総合体育館,バレーボール,バレーボール,バレーボール - VVO09,女子準決勝（２試合)​ ／ 女子5-8位決定戦（2試合）,SOLD_OUT,BUY,True,https://generalsale.tickets-aichi-nagoya2026.org/getFilteredProductsJSON.th?eventCategoryFather=3
2026-08-10,competition,193,193,55,VVO10,55,2026-09-21,10:00:00,21:00:00,岡崎中央総合公園総合体育館,バレーボール,バレーボール,バレーボール - VVO10,女子9位-16位決定戦（4試合）,BUY,BUY,True,https://generalsale.tickets-aichi-nagoya2026.org/getFilteredProductsJSON.th?eventCategoryFather=3
2026-08-10,competition,271,271,7,SWM03,62,2026-09-21,10:00:00,12:00:00,東京アクアティクスセンター,水泳 (競泳),水泳 (競泳),水泳（競泳） - SWM03,男子50ｍ背泳ぎ 予選 ／ 女子50ｍ背泳ぎ 予選 ／ 男子50m自由形 予選 ／ 女子200m自由形 予選 ／ 男子100m平泳ぎ 予選 ／ 女子200m個人メドレー 予選 ／ 男子4×200mフリーリレー 予選,BUY,BUY,True,https://generalsale.tickets-aichi-nagoya2026.org/getFilteredProductsJSON.th?eventCategoryFather=3
2026-08-10,competition,442,442,39,KTE02,64,2026-09-21,10:00:00,19:40:00,豊橋市総合体育館,空手,空手,空手 - KTE02,1回の購入につき合計12枚まで購入可。車いす席は1回の購入につき2枚まで。/ メダル,LIMITED,BUY,True,https://generalsale.tickets-aichi-nagoya2026.org/getFilteredProductsJSON.th?eventCategoryFather=3
2026-08-10,competition,469,469,22,MMA03,42,2026-09-21,10:00:00,13:00:00,名古屋市稲永スポーツセンター,コンバットスポーツ (総合格闘技),コンバットスポーツ (総合格闘技),コンバットスポーツ（総合格闘技） - MMA03,男子モダン60kg準決勝 ／ 女子モダン54kg準決勝 ／ 男子トラディショナル65kg準決勝 ／ 女子トラディショナル60kg準決勝 ／ 男子モダン71kg準決勝 ／ 男子トラディショナル77kg準決勝,BUY,BUY,True,https://generalsale.tickets-aichi-nagoya2026.org/getFilteredProductsJSON.th?eventCategoryFather=3
2026-08-10,competition,87,87,34,GYM01,70,2026-09-21,10:00:00,17:00:00,名古屋市総合体育館［レインボーホール］,体操（体操）,体操（体操）,体操（体操） - GYM01,男子予選 ／ 男子個人総合決勝 /表彰式 / メダル,SOLD_OUT,BUY,True,https://generalsale.tickets-aichi-nagoya2026.org/getFilteredProductsJSON.th?eventCategoryFather=3
2026-08-10,competition,23,23,15,BK301,39,2026-09-21,12:00:00,15:20:00,金城ふ頭駅前特設コート,3x3 バスケットボール,3x3 バスケットボール,3×3 バスケットボール - BK301,女子予選プール（4試合） ／ 男子予選プール（4試合）,BUY,BUY,True,https://generalsale.tickets-aichi-nagoya2026.org/getFilteredProductsJSON.th?eventCategoryFather=3
2026-08-10,competition,33,33,17,BOX01,52,2026-09-21,12:00:00,15:00:00,西尾市総合体育館,ボクシング,ボクシング,ボクシング - BOX01,イベントスケジュール未定,BUY,BUY,True,https://generalsale.tickets-aichi-nagoya2026.org/getFilteredProductsJSON.th?eventCategoryFather=3
2026-08-10,competition,411,411,12,BBL01,54,2026-09-21,12:00:00,15:00:00,岡崎中央総合公園野球場,野球,野球,野球 - BBL01,オープニングラウンド,BUY,BUY,True,https://generalsale.tickets-aichi-nagoya2026.org/getFilteredProductsJSON.th?eventCategoryFather=3
2026-08-10,competition,412,412,12,BBL02,65,2026-09-21,12:00:00,15:00:00,豊橋市民球場,野球,野球,野球 - BBL02,オープニングラウンド,BUY,BUY,True,https://generalsale.tickets-aichi-nagoya2026.org/getFilteredProductsJSON.th?eventCategoryFather=3
2026-08-10,competition,18,18,14,BKB11,14,2026-09-21,13:00:00,21:15:00,愛知国際アリーナ,バスケットボール,バスケットボール,バスケットボール - BKB11,女子予選フェーズ （3試合）,BUY,BUY,True,https://generalsale.tickets-aichi-nagoya2026.org/getFilteredProductsJSON.th?eventCategoryFather=3
2026-08-10,competition,386,386,44,SEW04,45,2026-09-21,14:00:00,17:00:00,名古屋市瑞穂公園体育館,セパタクロー,セパタクロー,セパタクロー - SEW04,女子チームレグ 予選,SOLD_OUT,BUY,True,https://generalsale.tickets-aichi-nagoya2026.org/getFilteredProductsJSON.th?eventCategoryFather=3
2026-08-10,competition,261,261,8,WPO02,40,2026-09-21,14:30:00,19:15:00,名古屋市総合体育館［レインボープール］,水泳 (水球),水泳 (水球),水泳（水球） - WPO02,女子総当たり戦（3試合）,BUY,BUY,True,https://generalsale.tickets-aichi-nagoya2026.org/getFilteredProductsJSON.th?eventCategoryFather=3
2026-08-10,competition,325,325,32,FBL17,59,2026-09-21,16:00:00,21:30:00,小笠山総合運動公園エコパスタジアム,サッカー,サッカー,サッカー - FBL17,女子1次ラウンド（2試合）,BUY,BUY,True,https://generalsale.tickets-aichi-nagoya2026.org/getFilteredProductsJSON.th?eventCategoryFather=3
2026-08-10,competition,326,326,32,FBL18,36,2026-09-21,16:00:00,21:30:00,長居陸上競技場,サッカー,サッカー,サッカー - FBL18,女子1次ラウンド（2試合）,BUY,BUY,True,https://generalsale.tickets-aichi-nagoya2026.org/getFilteredProductsJSON.th?eventCategoryFather=3
2026-08-10,competition,327,327,32,FBL19,67,2026-09-21,16:00:00,18:00:00,ウェーブスタジアム刈谷,サッカー,サッカー,サッカー - FBL19,女子1次ラウンド（1試合）,BUY,BUY,True,https://generalsale.tickets-aichi-nagoya2026.org/getFilteredProductsJSON.th?eventCategoryFather=3
2026-08-10,competition,328,328,32,FBL20,33,2026-09-21,16:00:00,18:00:00,岐阜メモリアルセンター長良川競技場,サッカー,サッカー,サッカー - FBL20,女子1次ラウンド（1試合）,BUY,BUY,True,https://generalsale.tickets-aichi-nagoya2026.org/getFilteredProductsJSON.th?eventCategoryFather=3
2026-08-10,competition,400,400,38,KAB02,61,2026-09-21,16:00:00,20:20:00,東海市民体育館,カバディ,カバディ,カバディ - KAB02,男子予選ラウンド ／ 女子予選ラウンド （４試合）,SOLD_OUT,BUY,True,https://generalsale.tickets-aichi-nagoya2026.org/getFilteredProductsJSON.th?eventCategoryFather=3
2026-08-10,competition,247,247,7,SWM04,62,2026-09-21,17:00:00,19:00:00,東京アクアティクスセンター,水泳 (競泳),水泳 (競泳),水泳（競泳） - SWM04,男子50ｍ背泳ぎ 決勝 ／ 女子50ｍ背泳ぎ 決勝 ／ 男子50m自由形 決勝 ／ 女子200m自由形 決勝 ／ 男子100m平泳ぎ 決勝 ／ 女子200m個人メドレー 決勝 ／ 男子4×200mフリーリレー 決勝 / メダル,LIMITED,BUY,True,https://generalsale.tickets-aichi-nagoya2026.org/getFilteredProductsJSON.th?eventCategoryFather=3
2026-08-10,competition,34,34,17,BOX02,52,2026-09-21,17:00:00,20:00:00,西尾市総合体育館,ボクシング,ボクシング,ボクシング - BOX02,イベントスケジュール未定,BUY,BUY,True,https://generalsale.tickets-aichi-nagoya2026.org/getFilteredProductsJSON.th?eventCategoryFather=3
2026-08-10,competition,24,24,15,BK302,39,2026-09-21,17:40:00,21:00:00,金城ふ頭駅前特設コート,3x3 バスケットボール,3x3 バスケットボール,3×3 バスケットボール - BK302,女子予選プール（4試合） ／ 男子予選プール（4試合）,BUY,BUY,True,https://generalsale.tickets-aichi-nagoya2026.org/getFilteredProductsJSON.th?eventCategoryFather=3
2026-08-10,competition,167,167,50,TTE03,60,2026-09-21,18:30:00,22:10:00,スカイホール豊田,卓球,卓球,卓球 - TTE03,女子ダブルス１回戦 ／ 男子団体１回戦 ,LIMITED,BUY,True,https://generalsale.tickets-aichi-nagoya2026.org/getFilteredProductsJSON.th?eventCategoryFather=3
2026-08-10,competition,413,413,12,BBL03,54,2026-09-21,18:30:00,21:30:00,岡崎中央総合公園野球場,野球,野球,野球 - BBL03,オープニングラウンド,BUY,BUY,True,https://generalsale.tickets-aichi-nagoya2026.org/getFilteredProductsJSON.th?eventCategoryFather=3
2026-08-10,competition,414,414,12,BBL04,65,2026-09-21,18:30:00,21:30:00,豊橋市民球場,野球,野球,野球 - BBL04,オープニングラウンド,BUY,BUY,True,https://generalsale.tickets-aichi-nagoya2026.org/getFilteredProductsJSON.th?eventCategoryFather=3
2026-08-10,competition,377,377,59,WSU04,16,2026-09-21,19:30:00,21:30:00,愛知県武道館,武術太極拳,武術太極拳,武術太極拳 - WSU04,男子散打 1/8決勝 ／ 女子散打 1/8決勝,BUY,BUY,True,https://generalsale.tickets-aichi-nagoya2026.org/getFilteredProductsJSON.th?eventCategoryFather=3
2026-08-10,competition,118,118,36,HOC04,25,2026-09-22,09:00:00,20:30:00,岐阜県グリーンスタジアム,ホッケー,ホッケー,ホッケー - HOC04,男子予選ラウンド（6試合）,BUY,BUY,True,https://generalsale.tickets-aichi-nagoya2026.org/getFilteredProductsJSON.th?eventCategoryFather=3
2026-08-10,competition,146,146,41,ROW03,38,2026-09-22,09:00:00,12:00:00,長良川国際レガッタコース,ローイング,ローイング,ローイング - ROW03,男子シングルスカル 準決勝 ／ 男子ダブルスカル 準決勝 ／ 男子ペア 準決勝 ／ 男子フォア 準決勝 ／ 女子フォア 準決勝 ／ 女子軽量級シングルスカル 準決勝 ／ 女子軽量級ダブルスカル 準決勝 ／ 男子クオドルプルスカル 準決勝 ／ 男子軽量級シングルスカル 準決勝 ／ 男子軽量級ダブルスカル 準決勝 ／ 女子シングルスカル 準決勝 ／ 女子ダブルスカル 準決勝 ／ 女子ペア 準決勝 ／ 女子クオドルプルスカル 準決勝,BUY,BUY,True,https://generalsale.tickets-aichi-nagoya2026.org/getFilteredProductsJSON.th?eventCategoryFather=3
2026-08-10,competition,154,154,45,SHO03,15,2026-09-22,09:00:00,16:00:00,愛知県総合射撃場,射撃,射撃,射撃 - SHO03,10mエアライフルミックス本選／10mエアライフルミックス決勝／10mエアライフルミックス表彰式／女子スキート本選２日目／男子スキート本選２日目 / メダル,SOLD_OUT,BUY,True,https://generalsale.tickets-aichi-nagoya2026.org/getFilteredProductsJSON.th?eventCategoryFather=3
2026-08-10,competition,209,209,56,VBV03,26,2026-09-22,09:00:00,16:00:00,碧南緑地ビーチコート,ビーチバレーボール,ビーチバレーボール,ビーチバレー - VBV03,男子または女子予選ラウンド（6試合）,BUY,BUY,True,https://generalsale.tickets-aichi-nagoya2026.org/getFilteredProductsJSON.th?eventCategoryFather=3
2026-08-10,competition,355,355,52,TST04,41,2026-09-22,09:00:00,16:45:00,名古屋市東山公園テニスセンター,ソフトテニス,ソフトテニス,ソフトテニス - TST04,男子シングルス ／ 予選ラウンド ／ 女子シングルス　 ／ 予選ラウンド,BUY,BUY,True,https://generalsale.tickets-aichi-nagoya2026.org/getFilteredProductsJSON.th?eventCategoryFather=3
2026-08-10,competition,378,378,59,WSU05,16,2026-09-22,09:00:00,16:30:00,愛知県武道館,武術太極拳,武術太極拳,武術太極拳 - WSU05,男子南拳・南棍 決勝 ／ 女子南拳・南刀 決勝 / メダル,LIMITED,BUY,True,https://generalsale.tickets-aichi-nagoya2026.org/getFilteredProductsJSON.th?eventCategoryFather=3
2026-08-10,competition,387,387,44,SEW05,45,2026-09-22,09:00:00,12:00:00,名古屋市瑞穂公園体育館,セパタクロー,セパタクロー,セパタクロー - SEW05,男子チームレグ 予選,SOLD_OUT,BUY,True,https://generalsale.tickets-aichi-nagoya2026.org/getFilteredProductsJSON.th?eventCategoryFather=3
2026-08-10,competition,477,477,23,CKT07,34,2026-09-22,09:00:00,12:00:00,愛知県口論義運動公園,クリケット（T20）,クリケット（T20）,クリケット (T20) - CKT07,女子3位決定戦 / メダル,BUY,BUY,True,https://generalsale.tickets-aichi-nagoya2026.org/getFilteredProductsJSON.th?eventCategoryFather=3
2026-08-10,competition,59,59,29,EQU02,29,2026-09-22,09:00:00,14:30:00,馬事公苑,馬術,馬術,馬術 - EQU02,総合馬術 – クロスカントリー団体＆個人,LIMITED,BUY,True,https://generalsale.tickets-aichi-nagoya2026.org/getFilteredProductsJSON.th?eventCategoryFather=3
2026-08-10,competition,67,67,31,FEN01,20,2026-09-22,09:00:00,16:10:00,愛知県国際展示場［Aichi Sky Expo］（ホールF）,フェンシング,フェンシング,フェンシング - FEN01,男子フルーレ個人 予選 ／ 女子エペ個人 予選,LIMITED,BUY,True,https://generalsale.tickets-aichi-nagoya2026.org/getFilteredProductsJSON.th?eventCategoryFather=3
2026-08-10,competition,297,297,11,BDM03,27,2026-09-22,09:30:00,20:30:00,一宮市総合体育館,バドミントン,バドミントン,バドミントン - BDM03,女子団体 準々決勝 ／ 男子団体 準々決勝,SOLD_OUT,BUY,True,https://generalsale.tickets-aichi-nagoya2026.org/getFilteredProductsJSON.th?eventCategoryFather=3
2026-08-10,competition,401,401,38,KAB03,61,2026-09-22,09:30:00,14:00:00,東海市民体育館,カバディ,カバディ,カバディ - KAB03,男子予選ラウンド ／ 女子予選ラウンド （４試合）,SOLD_OUT,BUY,True,https://generalsale.tickets-aichi-nagoya2026.org/getFilteredProductsJSON.th?eventCategoryFather=3
2026-08-10,competition,168,168,50,TTE04,60,2026-09-22,10:00:00,16:50:00,スカイホール豊田,卓球,卓球,卓球 - TTE04,女子団体2回戦  ／ 男子団体２回戦 ／ 混合ダブルス１回戦、２回戦,LIMITED,BUY,True,https://generalsale.tickets-aichi-nagoya2026.org/getFilteredProductsJSON.th?eventCategoryFather=3
2026-08-10,competition,19,19,14,BKB12,14,2026-09-22,10:00:00,21:15:00,愛知国際アリーナ,バスケットボール,バスケットボール,バスケットボール - BKB12,女子予選フェーズ （4試合）,BUY,BUY,True,https://generalsale.tickets-aichi-nagoya2026.org/getFilteredProductsJSON.th?eventCategoryFather=3
2026-08-10,competition,194,194,55,VVO11,57,2026-09-22,10:00:00,21:20:00,小牧市スポーツ公園総合体育館,バレーボール,バレーボール,バレーボール - VVO11,女子7位決定戦 ／ 女子5位決定戦 ／ 女子3位決定戦 ／ 女子決勝戦 ／ 女子表彰式 / メダル,SOLD_OUT,BUY,True,https://generalsale.tickets-aichi-nagoya2026.org/getFilteredProductsJSON.th?eventCategoryFather=3
2026-08-10,competition,195,195,55,VVO12,55,2026-09-22,10:00:00,21:00:00,岡崎中央総合公園総合体育館,バレーボール,バレーボール,バレーボール - VVO12,女子9位-16位決定戦（4試合）,BUY,BUY,True,https://generalsale.tickets-aichi-nagoya2026.org/getFilteredProductsJSON.th?eventCategoryFather=3
2026-08-10,competition,250,250,7,SWM05,62,2026-09-22,10:00:00,12:00:00,東京アクアティクスセンター,水泳 (競泳),水泳 (競泳),水泳（競泳） - SWM05,女子100m自由形 予選 ／ 男子400m個人メドレー 予選 ／ 女子200m背泳ぎ 予選 ／ 男子1500m自由形 タイム決勝① ／ 女子400m自由形 予選 ／ 男子4×100mメドレーリレー 予選,LIMITED,BUY,True,https://generalsale.tickets-aichi-nagoya2026.org/getFilteredProductsJSON.th?eventCategoryFather=3
2026-08-10,competition,443,443,39,KTE03,64,2026-09-22,10:00:00,19:05:00,豊橋市総合体育館,空手,空手,空手 - KTE03,1回の購入につき合計12枚まで購入可。車いす席は1回の購入につき2枚まで。/ メダル,BUY,BUY,True,https://generalsale.tickets-aichi-nagoya2026.org/getFilteredProductsJSON.th?eventCategoryFather=3
2026-08-10,competition,25,25,15,BK303,39,2026-09-22,12:00:00,15:20:00,金城ふ頭駅前特設コート,3x3 バスケットボール,3x3 バスケットボール,3×3 バスケットボール - BK303,女子予選プール（4試合） ／ 男子予選プール（4試合）,BUY,BUY,True,https://generalsale.tickets-aichi-nagoya2026.org/getFilteredProductsJSON.th?eventCategoryFather=3
2026-08-10,competition,35,35,17,BOX03,52,2026-09-22,12:00:00,15:00:00,西尾市総合体育館,ボクシング,ボクシング,ボクシング - BOX03,イベントスケジュール未定,BUY,BUY,True,https://generalsale.tickets-aichi-nagoya2026.org/getFilteredProductsJSON.th?eventCategoryFather=3
2026-08-10,competition,415,415,12,BBL05,54,2026-09-22,12:00:00,15:00:00,岡崎中央総合公園野球場,野球,野球,野球 - BBL05,オープニングラウンド,BUY,BUY,True,https://generalsale.tickets-aichi-nagoya2026.org/getFilteredProductsJSON.th?eventCategoryFather=3
2026-08-10,competition,416,416,12,BBL06,65,2026-09-22,12:00:00,15:00:00,豊橋市民球場,野球,野球,野球 - BBL06,オープニングラウンド,BUY,BUY,True,https://generalsale.tickets-aichi-nagoya2026.org/getFilteredProductsJSON.th?eventCategoryFather=3
2026-08-10,competition,88,88,34,GYM02,70,2026-09-22,12:00:00,19:15:00,名古屋市総合体育館［レインボーホール］,体操（体操）,体操（体操）,体操（体操） - GYM02,女子予選 ／ 女子個人総合決勝 /表彰式 / メダル,LIMITED,BUY,True,https://generalsale.tickets-aichi-nagoya2026.org/getFilteredProductsJSON.th?eventCategoryFather=3
2026-08-10,competition,106,106,35,HBL06,31,2026-09-22,12:30:00,20:00:00,春日井市総合体育館,ハンドボール,ハンドボール,ハンドボール - HBL06,女子予選ラウンド（4試合）,SOLD_OUT,BUY,True,https://generalsale.tickets-aichi-nagoya2026.org/getFilteredProductsJSON.th?eventCategoryFather=3
2026-08-10,competition,105,105,35,HBL05,51,2026-09-22,13:30:00,20:00:00,エントリオ,ハンドボール,ハンドボール,ハンドボール - HBL05,男子予選ラウンド（3試合）,SOLD_OUT,BUY,True,https://generalsale.tickets-aichi-nagoya2026.org/getFilteredProductsJSON.th?eventCategoryFather=3
2026-08-10,competition,329,329,32,FBL21,46,2026-09-22,14:00:00,21:00:00,名古屋市瑞穂公園ラグビー場,サッカー,サッカー,サッカー - FBL21,男子1次ラウンド（2試合）,BUY,BUY,True,https://generalsale.tickets-aichi-nagoya2026.org/getFilteredProductsJSON.th?eventCategoryFather=3
2026-08-10,competition,330,330,32,FBL22,43,2026-09-22,14:00:00,16:00:00,名古屋市港サッカー場,サッカー,サッカー,サッカー - FBL22,男子1次ラウンド（1試合）,BUY,BUY,True,https://generalsale.tickets-aichi-nagoya2026.org/getFilteredProductsJSON.th?eventCategoryFather=3
2026-08-10,competition,388,388,44,SEW06,45,2026-09-22,14:00:00,17:00:00,名古屋市瑞穂公園体育館,セパタクロー,セパタクロー,セパタクロー - SEW06,女子チームレグ 予選,SOLD_OUT,BUY,True,https://generalsale.tickets-aichi-nagoya2026.org/getFilteredProductsJSON.th?eventCategoryFather=3
2026-08-10,competition,470,470,22,MMA04,42,2026-09-22,14:00:00,18:00:00,名古屋市稲永スポーツセンター,コンバットスポーツ (総合格闘技),コンバットスポーツ (総合格闘技),コンバットスポーツ（総合格闘技） - MMA04,男子モダン60kg決勝 ／ 女子モダン54kg決勝 ／ 男子トラディショナル65kg決勝 ／ 女子トラディショナル60kg決勝 ／ 男子モダン71kg決勝 ／ 男子トラディショナル77kg決勝 ／ 男子モダン60kg表彰式 ／ 女子モダン54kg表彰式 ／ 男子トラディショナル65kg表彰式 ／ 女子トラディショナル60kg表彰式 ／ 男子モダン71kg表彰式 ／ 男子トラディショナル77kg表彰式 / メダル,BUY,BUY,True,https://generalsale.tickets-aichi-nagoya2026.org/getFilteredProductsJSON.th?eventCategoryFather=3
2026-08-10,competition,478,478,23,CKT08,34,2026-09-22,14:00:00,17:00:00,愛知県口論義運動公園,クリケット（T20）,クリケット（T20）,クリケット (T20) - CKT08,女子決勝 / メダル,BUY,BUY,True,https://generalsale.tickets-aichi-nagoya2026.org/getFilteredProductsJSON.th?eventCategoryFather=3
2026-08-10,competition,262,262,8,WPO03,40,2026-09-22,14:30:00,19:15:00,名古屋市総合体育館［レインボープール］,水泳 (水球),水泳 (水球),水泳（水球） - WPO03,女子総当たり戦（3試合）,BUY,BUY,True,https://generalsale.tickets-aichi-nagoya2026.org/getFilteredProductsJSON.th?eventCategoryFather=3
2026-08-10,competition,402,402,38,KAB04,61,2026-09-22,16:00:00,20:20:00,東海市民体育館,カバディ,カバディ,カバディ - KAB04,男子予選ラウンド ／ 女子予選ラウンド （４試合）,SOLD_OUT,BUY,True,https://generalsale.tickets-aichi-nagoya2026.org/getFilteredProductsJSON.th?eventCategoryFather=3
2026-08-10,competition,248,248,7,SWM06,62,2026-09-22,17:00:00,19:00:00,東京アクアティクスセンター,水泳 (競泳),水泳 (競泳),水泳（競泳） - SWM06,女子100m自由形 決勝 ／ 男子400m個人メドレー 決勝 ／ 女子200m背泳ぎ 決勝 ／ 男子1500m自由形 タイム決勝② ／ 女子400m自由形 決勝 ／ 男子4×100mメドレーリレー 決勝 / メダル,LIMITED,BUY,True,https://generalsale.tickets-aichi-nagoya2026.org/getFilteredProductsJSON.th?eventCategoryFather=3
2026-08-10,competition,36,36,17,BOX04,52,2026-09-22,17:00:00,20:00:00,西尾市総合体育館,ボクシング,ボクシング,ボクシング - BOX04,イベントスケジュール未定,BUY,BUY,True,https://generalsale.tickets-aichi-nagoya2026.org/getFilteredProductsJSON.th?eventCategoryFather=3
2026-08-10,competition,26,26,15,BK304,39,2026-09-22,17:40:00,21:00:00,金城ふ頭駅前特設コート,3x3 バスケットボール,3x3 バスケットボール,3×3 バスケットボール - BK304,女子予選プール（4試合） ／ 男子予選プール（4試合）,BUY,BUY,True,https://generalsale.tickets-aichi-nagoya2026.org/getFilteredProductsJSON.th?eventCategoryFather=3
2026-08-10,competition,68,68,31,FEN02,20,2026-09-22,17:40:00,19:40:00,愛知県国際展示場［Aichi Sky Expo］（ホールF）,フェンシング,フェンシング,フェンシング - FEN02,男子フルーレ個人 準決勝 ／ 女子エペ個人 準決勝 ／ 男子フルーレ個人 決勝 ／ 女子エペ個人 決勝 ／ 表彰式 / メダル,LIMITED,BUY,True,https://generalsale.tickets-aichi-nagoya2026.org/getFilteredProductsJSON.th?eventCategoryFather=3
2026-08-10,competition,417,417,12,BBL07,54,2026-09-22,18:30:00,21:30:00,岡崎中央総合公園野球場,野球,野球,野球 - BBL07,オープニングラウンド,BUY,BUY,True,https://generalsale.tickets-aichi-nagoya2026.org/getFilteredProductsJSON.th?eventCategoryFather=3
2026-08-10,competition,418,418,12,BBL08,65,2026-09-22,18:30:00,21:30:00,豊橋市民球場,野球,野球,野球 - BBL08,オープニングラウンド,BUY,BUY,True,https://generalsale.tickets-aichi-nagoya2026.org/getFilteredProductsJSON.th?eventCategoryFather=3
2026-08-10,competition,169,169,50,TTE05,60,2026-09-22,19:20:00,21:50:00,スカイホール豊田,卓球,卓球,卓球 - TTE05,男子団体準々決勝 ／ 女子団体準々決勝,LIMITED,BUY,True,https://generalsale.tickets-aichi-nagoya2026.org/getFilteredProductsJSON.th?eventCategoryFather=3
2026-08-10,competition,379,379,59,WSU06,16,2026-09-22,19:30:00,21:30:00,愛知県武道館,武術太極拳,武術太極拳,武術太極拳 - WSU06,男子散打 準々決勝 ／ 女子散打 準々決勝,BUY,BUY,True,https://generalsale.tickets-aichi-nagoya2026.org/getFilteredProductsJSON.th?eventCategoryFather=3
2026-08-10,competition,119,119,36,HOC05,25,2026-09-23,09:00:00,20:30:00,岐阜県グリーンスタジアム,ホッケー,ホッケー,ホッケー - HOC05,女子予選ラウンド（6試合）,BUY,BUY,True,https://generalsale.tickets-aichi-nagoya2026.org/getFilteredProductsJSON.th?eventCategoryFather=3
2026-08-10,competition,147,147,41,ROW04,38,2026-09-23,09:00:00,12:30:00,長良川国際レガッタコース,ローイング,ローイング,ローイング - ROW04,男子シングルスカル 決勝 ／ 男子ダブルスカル 決勝 ／ 男子ペア 決勝 ／ 男子フォア 決勝 ／ 女子フォア 決勝 ／ 女子軽量級シングルスカル 決勝 ／ 女子軽量級ダブルスカル 決勝 / メダル,LIMITED,BUY,True,https://generalsale.tickets-aichi-nagoya2026.org/getFilteredProductsJSON.th?eventCategoryFather=3
2026-08-10,competition,155,155,45,SHO04,15,2026-09-23,09:00:00,17:40:00,愛知県総合射撃場,射撃,射撃,射撃 - SHO04,女子10mエアピストル本選／女子10mエアピストル決勝／女子10mエアピストル表彰式／女子スキート本選３日目／男子スキート本選３日目／女子スキート決勝／男子スキート決勝／女子スキート表彰式／男子スキート表彰式 / メダル,SOLD_OUT,BUY,True,https://generalsale.tickets-aichi-nagoya2026.org/getFilteredProductsJSON.th?eventCategoryFather=3
2026-08-10,competition,210,210,56,VBV04,26,2026-09-23,09:00:00,16:00:00,碧南緑地ビーチコート,ビーチバレーボール,ビーチバレーボール,ビーチバレー - VBV04,男子または女子予選ラウンド（6試合）,BUY,BUY,True,https://generalsale.tickets-aichi-nagoya2026.org/getFilteredProductsJSON.th?eventCategoryFather=3
2026-08-10,competition,356,356,52,TST05,41,2026-09-23,09:00:00,17:30:00,名古屋市東山公園テニスセンター,ソフトテニス,ソフトテニス,ソフトテニス - TST05,男子シングルス ／ 準々決勝～決勝 ／ 女子シングルス ／ 準々決勝～決勝 / メダル,LIMITED,BUY,True,https://generalsale.tickets-aichi-nagoya2026.org/getFilteredProductsJSON.th?eventCategoryFather=3
2026-08-10,competition,380,380,59,WSU07,16,2026-09-23,09:00:00,16:30:00,愛知県武道館,武術太極拳,武術太極拳,武術太極拳 - WSU07,男子刀術・棍術 決勝 ／ 女子剣術・槍術 決勝 / メダル,SOLD_OUT,BUY,True,https://generalsale.tickets-aichi-nagoya2026.org/getFilteredProductsJSON.th?eventCategoryFather=3
2026-08-10,competition,389,389,44,SEW07,45,2026-09-23,09:00:00,12:00:00,名古屋市瑞穂公園体育館,セパタクロー,セパタクロー,セパタクロー - SEW07,男子チームレグ 予選,SOLD_OUT,BUY,True,https://generalsale.tickets-aichi-nagoya2026.org/getFilteredProductsJSON.th?eventCategoryFather=3
2026-08-10,competition,445,445,30,ELS01,19,2026-09-23,09:00:00,14:00:00,愛知県国際展示場［Aichi Sky Expo］（ホールD）,Eスポーツ,Eスポーツ,Eスポーツ - ELS01,グランツーリスモ７ ／ Group stage ／ Final stage / メダル,BUY,BUY,True,https://generalsale.tickets-aichi-nagoya2026.org/getFilteredProductsJSON.th?eventCategoryFather=3
2026-08-10,competition,457,457,48,SQU01,49,2026-09-23,09:00:00,18:30:00,名古屋金城ふ頭アリーナ,スカッシュ,スカッシュ,スカッシュ - SQU01,女子個人戦1回戦 ／ 男子個人戦1回戦 ／ 混合ダブルス1回戦 ／ 女子個人戦2回戦 ／ 男子個人戦2回戦,LIMITED,BUY,True,https://generalsale.tickets-aichi-nagoya2026.org/getFilteredProductsJSON.th?eventCategoryFather=3
2026-08-10,competition,69,69,31,FEN03,20,2026-09-23,09:00:00,15:20:00,愛知県国際展示場［Aichi Sky Expo］（ホールF）,フェンシング,フェンシング,フェンシング - FEN03,女子フルーレ個人 予選 ／ 男子サーブル個人 予選,LIMITED,BUY,True,https://generalsale.tickets-aichi-nagoya2026.org/getFilteredProductsJSON.th?eventCategoryFather=3
2026-08-10,competition,298,298,11,BDM04,27,2026-09-23,09:30:00,20:30:00,一宮市総合体育館,バドミントン,バドミントン,バドミントン - BDM04,女子団体 準決勝 ／ 男子団体 準決勝,SOLD_OUT,BUY,True,https://generalsale.tickets-aichi-nagoya2026.org/getFilteredProductsJSON.th?eventCategoryFather=3
2026-08-10,competition,403,403,38,KAB05,61,2026-09-23,09:30:00,14:00:00,東海市民体育館,カバディ,カバディ,カバディ - KAB05,男子予選ラウンド ／ 女子予選ラウンド （４試合）,SOLD_OUT,BUY,True,https://generalsale.tickets-aichi-nagoya2026.org/getFilteredProductsJSON.th?eventCategoryFather=3
2026-08-10,competition,170,170,50,TTE06,60,2026-09-23,10:00:00,14:30:00,スカイホール豊田,卓球,卓球,卓球 - TTE06,混合ダブルス３回戦、４回戦 ／ 男子シングルス１回戦 ／ 女子シングルス１回戦 ／ 男子ダブルス１回戦,LIMITED,BUY,True,https://generalsale.tickets-aichi-nagoya2026.org/getFilteredProductsJSON.th?eventCategoryFather=3
2026-08-10,competition,221,221,57,WLF01,47,2026-09-23,10:00:00,12:00:00,名古屋市中小企業振興会館,ウエイトリフティング,ウエイトリフティング,ウエイトリフティング - WLF01,女子49kg級 グループB ／ 女子53kg級 グループB,BUY,BUY,True,https://generalsale.tickets-aichi-nagoya2026.org/getFilteredProductsJSON.th?eventCategoryFather=3
2026-08-10,competition,251,251,7,SWM07,62,2026-09-23,10:00:00,12:00:00,東京アクアティクスセンター,水泳 (競泳),水泳 (競泳),水泳（競泳） - SWM07,女子100mバタフライ 予選 ／ 男子100mバタフライ 予選 ／ 女子100m背泳ぎ 予選 ／ 男子200m自由形 予選 ／ 女子100m平泳ぎ 予選 ／ 女子400m個人メドレー 予選 ／ 混合4×100mメドレーリレー 予選,BUY,BUY,True,https://generalsale.tickets-aichi-nagoya2026.org/getFilteredProductsJSON.th?eventCategoryFather=3
2026-08-10,competition,300,300,18,CSP01,35,2026-09-23,10:00:00,15:20:00,三好池カヌー競技場,カヌー・カヤック (スプリント),カヌー・カヤック（スプリント）,カヌー・カヤック（スプリント） - CSP01,男子カヤックフォア500m 予選 ／ 女子カナディアンシングル200m 予選 ／ 男子カナディアンペア500m 予選 ／ 女子カヤックペア500m 予選 ／ 男子カヤックペア500m 予選 ／ 女子カヤックフォア500m 予選 ／ 男子カナディアンシングル500m 予選 ／ 女子カナディアンペア500m 予選,SOLD_OUT,BUY,True,https://generalsale.tickets-aichi-nagoya2026.org/getFilteredProductsJSON.th?eventCategoryFather=3
2026-08-10,competition,444,444,39,KTE04,64,2026-09-23,10:00:00,17:25:00,豊橋市総合体育館,空手,空手,空手 - KTE04,1回の購入につき合計12枚まで購入可。車いす席は1回の購入につき2枚まで。/ メダル,BUY,BUY,True,https://generalsale.tickets-aichi-nagoya2026.org/getFilteredProductsJSON.th?eventCategoryFather=3
2026-08-10,competition,60,60,29,EQU03,29,2026-09-23,10:45:00,12:55:00,馬事公苑,馬術,馬術,馬術 - EQU03,総合馬術 – 障害馬術団体＆個人 決勝 ／ 総合馬術 – 障害馬術団体＆個人 表彰式 / メダル,LIMITED,BUY,True,https://generalsale.tickets-aichi-nagoya2026.org/getFilteredProductsJSON.th?eventCategoryFather=3
2026-08-10,competition,27,27,15,BK305,39,2026-09-23,12:00:00,15:20:00,金城ふ頭駅前特設コート,3x3 バスケットボール,3x3 バスケットボール,3×3 バスケットボール - BK305,女子予選プール（4試合） ／ 男子予選プール（4試合）,BUY,BUY,True,https://generalsale.tickets-aichi-nagoya2026.org/getFilteredProductsJSON.th?eventCategoryFather=3
2026-08-10,competition,37,37,17,BOX05,52,2026-09-23,12:00:00,15:00:00,西尾市総合体育館,ボクシング,ボクシング,ボクシング - BOX05,イベントスケジュール未定,BUY,BUY,True,https://generalsale.tickets-aichi-nagoya2026.org/getFilteredProductsJSON.th?eventCategoryFather=3
2026-08-10,competition,419,419,12,BBL09,54,2026-09-23,12:00:00,15:00:00,岡崎中央総合公園野球場,野球,野球,野球 - BBL09,オープニングラウンド,BUY,BUY,True,https://generalsale.tickets-aichi-nagoya2026.org/getFilteredProductsJSON.th?eventCategoryFather=3
2026-08-10,competition,420,420,12,BBL10,65,2026-09-23,12:00:00,15:00:00,豊橋市民球場,野球,野球,野球 - BBL10,オープニングラウンド,BUY,BUY,True,https://generalsale.tickets-aichi-nagoya2026.org/getFilteredProductsJSON.th?eventCategoryFather=3
2026-08-10,competition,108,108,35,HBL08,31,2026-09-23,12:30:00,20:00:00,春日井市総合体育館,ハンドボール,ハンドボール,ハンドボール - HBL08,女子予選ラウンド（4試合）,SOLD_OUT,BUY,True,https://generalsale.tickets-aichi-nagoya2026.org/getFilteredProductsJSON.th?eventCategoryFather=3
2026-08-10,competition,89,89,34,GYM03,70,2026-09-23,13:00:00,15:30:00,名古屋市総合体育館［レインボーホール］,体操（体操）,体操（体操）,体操（体操） - GYM03,男子団体 決勝 / 表彰式 / メダル,LIMITED,BUY,True,https://generalsale.tickets-aichi-nagoya2026.org/getFilteredProductsJSON.th?eventCategoryFather=3
2026-08-10,competition,107,107,35,HBL07,51,2026-09-23,13:30:00,20:00:00,エントリオ,ハンドボール,ハンドボール,ハンドボール - HBL07,男子予選ラウンド（3試合）,SOLD_OUT,BUY,True,https://generalsale.tickets-aichi-nagoya2026.org/getFilteredProductsJSON.th?eventCategoryFather=3
2026-08-10,competition,222,222,57,WLF02,47,2026-09-23,13:30:00,19:20:00,名古屋市中小企業振興会館,ウエイトリフティング,ウエイトリフティング,ウエイトリフティング - WLF02,女子49kg級 グループA／表彰式 ／ 女子53kg級 グループA／表彰式 / メダル,LIMITED,BUY,True,https://generalsale.tickets-aichi-nagoya2026.org/getFilteredProductsJSON.th?eventCategoryFather=3
2026-08-10,competition,390,390,44,SEW08,45,2026-09-23,14:00:00,17:00:00,名古屋市瑞穂公園体育館,セパタクロー,セパタクロー,セパタクロー - SEW08,女子チームレグ 予選,LIMITED,BUY,True,https://generalsale.tickets-aichi-nagoya2026.org/getFilteredProductsJSON.th?eventCategoryFather=3
2026-08-10,competition,263,263,8,WPO04,40,2026-09-23,14:30:00,19:15:00,名古屋市総合体育館［レインボープール］,水泳 (水球),水泳 (水球),水泳（水球） - WPO04,女子総当たり戦（3試合）,BUY,BUY,True,https://generalsale.tickets-aichi-nagoya2026.org/getFilteredProductsJSON.th?eventCategoryFather=3
2026-08-10,competition,331,331,32,FBL23,66,2026-09-23,14:30:00,21:30:00,豊田スタジアム,サッカー,サッカー,サッカー - FBL23,男子1次ラウンド（2試合）,BUY,BUY,True,https://generalsale.tickets-aichi-nagoya2026.org/getFilteredProductsJSON.th?eventCategoryFather=3
2026-08-10,competition,332,332,32,FBL24,67,2026-09-23,14:30:00,21:30:00,ウェーブスタジアム刈谷,サッカー,サッカー,サッカー - FBL24,男子1次ラウンド（2試合）,BUY,BUY,True,https://generalsale.tickets-aichi-nagoya2026.org/getFilteredProductsJSON.th?eventCategoryFather=3
2026-08-10,competition,404,404,38,KAB06,61,2026-09-23,16:00:00,20:20:00,東海市民体育館,カバディ,カバディ,カバディ - KAB06,男子予選ラウンド ／ 女子予選ラウンド （４試合）,SOLD_OUT,BUY,True,https://generalsale.tickets-aichi-nagoya2026.org/getFilteredProductsJSON.th?eventCategoryFather=3
2026-08-10,competition,446,446,30,ELS02,19,2026-09-23,16:00:00,21:00:00,愛知県国際展示場［Aichi Sky Expo］（ホールD）,Eスポーツ,Eスポーツ,Eスポーツ - ELS02,eFootball™ /Elimination stage / メダル,BUY,BUY,True,https://generalsale.tickets-aichi-nagoya2026.org/getFilteredProductsJSON.th?eventCategoryFather=3
2026-08-10,competition,70,70,31,FEN04,20,2026-09-23,16:50:00,18:50:00,愛知県国際展示場［Aichi Sky Expo］（ホールF）,フェンシング,フェンシング,フェンシング - FEN04,女子フルーレ個人 準決勝 ／ 男子サーブル個人 準決勝 ／ 女子フルーレ個人 決勝 ／ 男子サーブル個人 決勝 ／ 表彰式 / メダル,LIMITED,BUY,True,https://generalsale.tickets-aichi-nagoya2026.org/getFilteredProductsJSON.th?eventCategoryFather=3
2026-08-10,competition,171,171,50,TTE07,60,2026-09-23,17:00:00,22:00:00,スカイホール豊田,卓球,卓球,卓球 - TTE07,男子団体準決勝 ／ 女子団体準決勝,SOLD_OUT,BUY,True,https://generalsale.tickets-aichi-nagoya2026.org/getFilteredProductsJSON.th?eventCategoryFather=3
2026-08-10,competition,252,252,7,SWM08,62,2026-09-23,17:00:00,19:00:00,東京アクアティクスセンター,水泳 (競泳),水泳 (競泳),水泳（競泳） - SWM08,女子100mバタフライ 決勝 ／ 男子100mバタフライ 決勝  ／ 女子100m背泳ぎ 決勝  ／ 男子200m自由形 決勝  ／ 女子100m平泳ぎ 決勝  ／ 女子400m個人メドレー 決勝  ／ 混合4×100mメドレーリレー 決勝 / メダル,LIMITED,BUY,True,https://generalsale.tickets-aichi-nagoya2026.org/getFilteredProductsJSON.th?eventCategoryFather=3
2026-08-10,competition,38,38,17,BOX06,52,2026-09-23,17:00:00,20:00:00,西尾市総合体育館,ボクシング,ボクシング,ボクシング - BOX06,イベントスケジュール未定,BUY,BUY,True,https://generalsale.tickets-aichi-nagoya2026.org/getFilteredProductsJSON.th?eventCategoryFather=3
2026-08-10,competition,28,28,15,BK306,39,2026-09-23,17:40:00,21:00:00,金城ふ頭駅前特設コート,3x3 バスケットボール,3x3 バスケットボール,3×3 バスケットボール - BK306,女子予選プール（4試合） ／ 男子予選プール（4試合）,BUY,BUY,True,https://generalsale.tickets-aichi-nagoya2026.org/getFilteredProductsJSON.th?eventCategoryFather=3
2026-08-10,competition,421,421,12,BBL11,54,2026-09-23,18:30:00,21:30:00,岡崎中央総合公園野球場,野球,野球,野球 - BBL11,オープニングラウンド,BUY,BUY,True,https://generalsale.tickets-aichi-nagoya2026.org/getFilteredProductsJSON.th?eventCategoryFather=3
2026-08-10,competition,422,422,12,BBL12,65,2026-09-23,18:30:00,21:30:00,豊橋市民球場,野球,野球,野球 - BBL12,オープニングラウンド,BUY,BUY,True,https://generalsale.tickets-aichi-nagoya2026.org/getFilteredProductsJSON.th?eventCategoryFather=3
2026-08-10,competition,90,90,34,GYM04,70,2026-09-23,19:00:00,21:00:00,名古屋市総合体育館［レインボーホール］,体操（体操）,体操（体操）,体操（体操） - GYM04,女子団体 決勝 / 表彰式 / メダル,BUY,BUY,True,https://generalsale.tickets-aichi-nagoya2026.org/getFilteredProductsJSON.th?eventCategoryFather=3
2026-08-10,competition,381,381,59,WSU08,16,2026-09-23,19:30:00,21:30:00,愛知県武道館,武術太極拳,武術太極拳,武術太極拳 - WSU08,男子散打 準決勝 ／ 女子散打 準決勝,BUY,BUY,True,https://generalsale.tickets-aichi-nagoya2026.org/getFilteredProductsJSON.th?eventCategoryFather=3
2026-08-10,competition,120,120,36,HOC06,25,2026-09-24,09:00:00,20:30:00,岐阜県グリーンスタジアム,ホッケー,ホッケー,ホッケー - HOC06,男子予選ラウンド（6試合）,BUY,BUY,True,https://generalsale.tickets-aichi-nagoya2026.org/getFilteredProductsJSON.th?eventCategoryFather=3
2026-08-10,competition,148,148,41,ROW05,38,2026-09-24,09:00:00,12:30:00,長良川国際レガッタコース,ローイング,ローイング,ローイング - ROW05,男子クオドルプルスカル 決勝 ／ 男子軽量級シングルスカル 決勝 ／ 男子軽量級ダブルスカル 決勝 ／ 女子シングルスカル 決勝 ／ 女子ダブルスカル 決勝 ／ 女子ペア 決勝 ／ 女子クオドルプルスカル 決勝 / メダル,LIMITED,BUY,True,https://generalsale.tickets-aichi-nagoya2026.org/getFilteredProductsJSON.th?eventCategoryFather=3
2026-08-10,competition,156,156,45,SHO05,15,2026-09-24,09:00:00,17:10:00,愛知県総合射撃場,射撃,射撃,射撃 - SHO05,男子10mエアピストル本選／男子10mエアピストル決勝／男子10mエアピストル表彰式／男子50mライフル３姿勢予選／スキートミックス本選／スキートミックス決勝／スキートミックス表彰式 / メダル,SOLD_OUT,BUY,True,https://generalsale.tickets-aichi-nagoya2026.org/getFilteredProductsJSON.th?eventCategoryFather=3
2026-08-10,competition,211,211,56,VBV05,26,2026-09-24,09:00:00,16:00:00,碧南緑地ビーチコート,ビーチバレーボール,ビーチバレーボール,ビーチバレー - VBV05,男子または女子予選ラウンド（6試合）,BUY,BUY,True,https://generalsale.tickets-aichi-nagoya2026.org/getFilteredProductsJSON.th?eventCategoryFather=3
2026-08-10,competition,360,360,46,SKB01,17,2026-09-24,09:00:00,21:00:00,愛知県国際展示場［Aichi Sky Expo］（ホールB）,スケートボード,スケートボード,スケートボード - SKB01,女子パーク 予選 ／ 男子パーク 予選,SOLD_OUT,BUY,True,https://generalsale.tickets-aichi-nagoya2026.org/getFilteredProductsJSON.th?eventCategoryFather=3
2026-08-10,competition,391,391,44,SEW09,45,2026-09-24,09:00:00,12:00:00,名古屋市瑞穂公園体育館,セパタクロー,セパタクロー,セパタクロー - SEW09,男子チームレグ 準決勝,SOLD_OUT,BUY,True,https://generalsale.tickets-aichi-nagoya2026.org/getFilteredProductsJSON.th?eventCategoryFather=3
2026-08-10,competition,479,479,23,CKT09,34,2026-09-24,09:00:00,12:00:00,愛知県口論義運動公園,クリケット（T20）,クリケット（T20）,クリケット (T20) - CKT09,男子予選ラウンド,BUY,BUY,True,https://generalsale.tickets-aichi-nagoya2026.org/getFilteredProductsJSON.th?eventCategoryFather=3
2026-08-10,competition,71,71,31,FEN05,20,2026-09-24,09:00:00,16:10:00,愛知県国際展示場［Aichi Sky Expo］（ホールF）,フェンシング,フェンシング,フェンシング - FEN05,男子エペ個人 予選 ／ 女子サーブル個人 予選,BUY,BUY,True,https://generalsale.tickets-aichi-nagoya2026.org/getFilteredProductsJSON.th?eventCategoryFather=3
2026-08-10,competition,299,299,11,BDM05,27,2026-09-24,09:30:00,20:30:00,一宮市総合体育館,バドミントン,バドミントン,バドミントン - BDM05,女子団体 決勝 ／ 表彰式 ／ 男子団体 決勝 ／ 表彰式 / メダル,SOLD_OUT,BUY,True,https://generalsale.tickets-aichi-nagoya2026.org/getFilteredProductsJSON.th?eventCategoryFather=3
2026-08-10,competition,382,382,59,WSU09,16,2026-09-24,09:30:00,12:00:00,愛知県武道館,武術太極拳,武術太極拳,武術太極拳 - WSU09,男子散打 決勝 ／ 女子散打 決勝 / メダル,BUY,BUY,True,https://generalsale.tickets-aichi-nagoya2026.org/getFilteredProductsJSON.th?eventCategoryFather=3
2026-08-10,competition,405,405,38,KAB07,61,2026-09-24,09:30:00,14:00:00,東海市民体育館,カバディ,カバディ,カバディ - KAB07,男子予選ラウンド ／ 女子予選ラウンド （４試合）,SOLD_OUT,BUY,True,https://generalsale.tickets-aichi-nagoya2026.org/getFilteredProductsJSON.th?eventCategoryFather=3
2026-08-10,competition,172,172,50,TTE08,60,2026-09-24,10:00:00,14:10:00,スカイホール豊田,卓球,卓球,卓球 - TTE08,男子シングルス２回戦 ／ 女子ダブルス２回戦,LIMITED,BUY,True,https://generalsale.tickets-aichi-nagoya2026.org/getFilteredProductsJSON.th?eventCategoryFather=3
2026-08-10,competition,20,20,14,BKB13,14,2026-09-24,10:00:00,21:15:00,愛知国際アリーナ,バスケットボール,バスケットボール,バスケットボール - BKB13,女子準々決勝 （4試合）,BUY,BUY,True,https://generalsale.tickets-aichi-nagoya2026.org/getFilteredProductsJSON.th?eventCategoryFather=3
2026-08-10,competition,223,223,57,WLF03,47,2026-09-24,10:00:00,12:00:00,名古屋市中小企業振興会館,ウエイトリフティング,ウエイトリフティング,ウエイトリフティング - WLF03,男子60kg級 グループB ／ 男子65kg級 グループB,SOLD_OUT,BUY,True,https://generalsale.tickets-aichi-nagoya2026.org/getFilteredProductsJSON.th?eventCategoryFather=3
2026-08-10,competition,249,249,7,SWM09,62,2026-09-24,10:00:00,12:00:00,東京アクアティクスセンター,水泳 (競泳),水泳 (競泳),水泳（競泳） - SWM09,女子50m自由形 予選 ／ 男子50ｍバタフライ 予選 ／ 女子200m平泳ぎ 予選 ／ 男子200m平泳ぎ 予選 ／ 男子800m自由形 タイム決勝① ／ 男子4×100mフリーリレー 予選 ／ 女子4×200mフリーリレー 予選,BUY,BUY,True,https://generalsale.tickets-aichi-nagoya2026.org/getFilteredProductsJSON.th?eventCategoryFather=3
2026-08-10,competition,301,301,18,CSP02,35,2026-09-24,10:00:00,15:40:00,三好池カヌー競技場,カヌー・カヤック (スプリント),カヌー・カヤック（スプリント）,カヌー・カヤック（スプリント） - CSP02,女子カナディアンシングル200m 準決勝 ／ 男子カヤックフォア500m 準決勝 ／ 女子カヤックペア500m 準決勝 ／ 男子カナディアンペア500m 準決勝 ／ 女子カナディアンシングル200m 決勝 ／ 男子カヤックフォア500m 決勝 ／ 女子カヤックペア500m 決勝 ／ 男子カナディアンペア500m 決勝 ／ 女子カヤックシングル500m 予選 ／ 男子カヤックシングル500ｍ 予選 ／ 混合カヤックペア500m 予選 ／ 混合カナディアンペア500m 予選 / メダル,BUY,BUY,True,https://generalsale.tickets-aichi-nagoya2026.org/getFilteredProductsJSON.th?eventCategoryFather=3
2026-08-10,competition,447,447,30,ELS03,19,2026-09-24,10:00:00,20:00:00,愛知県国際展示場［Aichi Sky Expo］（ホールD）,Eスポーツ,Eスポーツ,Eスポーツ - ELS03,NARAKA : BLADEPOINT / Elimination stage / メダル,BUY,BUY,True,https://generalsale.tickets-aichi-nagoya2026.org/getFilteredProductsJSON.th?eventCategoryFather=3
2026-08-10,competition,458,458,48,SQU02,49,2026-09-24,10:00:00,17:30:00,名古屋金城ふ頭アリーナ,スカッシュ,スカッシュ,スカッシュ - SQU02,混合ダブルス2回戦 ／ 女子個人戦3回戦 ／ 男子個人戦3回戦,LIMITED,BUY,True,https://generalsale.tickets-aichi-nagoya2026.org/getFilteredProductsJSON.th?eventCategoryFather=3
2026-08-10,competition,29,29,15,BK307,39,2026-09-24,12:00:00,15:20:00,金城ふ頭駅前特設コート,3x3 バスケットボール,3x3 バスケットボール,3×3 バスケットボール - BK307,女子準々決勝進出決定戦（4試合） ／ 男子準々決勝進出決定戦（4試合）,BUY,BUY,True,https://generalsale.tickets-aichi-nagoya2026.org/getFilteredProductsJSON.th?eventCategoryFather=3
2026-08-10,competition,39,39,17,BOX07,52,2026-09-24,12:00:00,15:00:00,西尾市総合体育館,ボクシング,ボクシング,ボクシング - BOX07,イベントスケジュール未定,BUY,BUY,True,https://generalsale.tickets-aichi-nagoya2026.org/getFilteredProductsJSON.th?eventCategoryFather=3
2026-08-10,competition,224,224,57,WLF04,47,2026-09-24,13:30:00,19:20:00,名古屋市中小企業振興会館,ウエイトリフティング,ウエイトリフティング,ウエイトリフティング - WLF04,男子60kg級 グループA ／表彰式／ 男子65kg級 グループA／表彰式 / メダル,BUY,BUY,True,https://generalsale.tickets-aichi-nagoya2026.org/getFilteredProductsJSON.th?eventCategoryFather=3
2026-08-10,competition,392,392,44,SEW10,45,2026-09-24,14:00:00,17:00:00,名古屋市瑞穂公園体育館,セパタクロー,セパタクロー,セパタクロー - SEW10,女子チームレグ 準決勝,BUY,BUY,True,https://generalsale.tickets-aichi-nagoya2026.org/getFilteredProductsJSON.th?eventCategoryFather=3
2026-08-10,competition,480,480,23,CKT10,34,2026-09-24,14:00:00,17:00:00,愛知県口論義運動公園,クリケット（T20）,クリケット（T20）,クリケット (T20) - CKT10,男子予選ラウンド,BUY,BUY,True,https://generalsale.tickets-aichi-nagoya2026.org/getFilteredProductsJSON.th?eventCategoryFather=3
2026-08-10,competition,270,270,8,WPO05,40,2026-09-24,15:45:00,21:15:00,名古屋市総合体育館［レインボープール］,水泳 (水球),水泳 (水球),水泳（水球） - WPO05,女子総当たり戦（3試合）,BUY,BUY,True,https://generalsale.tickets-aichi-nagoya2026.org/getFilteredProductsJSON.th?eventCategoryFather=3
2026-08-10,competition,406,406,38,KAB08,61,2026-09-24,16:00:00,20:20:00,東海市民体育館,カバディ,カバディ,カバディ - KAB08,男子予選ラウンド ／ 女子予選ラウンド （４試合）,LIMITED,BUY,True,https://generalsale.tickets-aichi-nagoya2026.org/getFilteredProductsJSON.th?eventCategoryFather=3
2026-08-10,competition,286,286,10,ATH01,44,2026-09-24,16:50:00,22:30:00,名古屋市瑞穂公園陸上競技場,陸上競技（トラック/フィールド） ,陸上競技（トラック/フィールド） ,陸上競技（トラック/フィールド） - ATH01,メダル,BUY,BUY,True,https://generalsale.tickets-aichi-nagoya2026.org/getFilteredProductsJSON.th?eventCategoryFather=3
2026-08-10,competition,173,173,50,TTE09,60,2026-09-24,17:00:00,22:30:00,スカイホール豊田,卓球,卓球,卓球 - TTE09,男子団体決勝、表彰式 ／ 女子団体決勝、表彰式 / メダル,SOLD_OUT,BUY,True,https://generalsale.tickets-aichi-nagoya2026.org/getFilteredProductsJSON.th?eventCategoryFather=3
2026-08-10,competition,253,253,7,SWM10,62,2026-09-24,17:00:00,19:00:00,東京アクアティクスセンター,水泳 (競泳),水泳 (競泳),水泳（競泳） - SWM10,女子50m自由形 決勝 ／ 男子50ｍバタフライ 決勝 ／ 女子200m平泳ぎ 決勝 ／ 男子200m平泳ぎ 決勝 ／ 男子800m自由形 タイム決勝② ／ 男子4×100mフリーリレー 決勝 ／ 女子4×200mフリーリレー 決勝 / メダル,BUY,BUY,True,https://generalsale.tickets-aichi-nagoya2026.org/getFilteredProductsJSON.th?eventCategoryFather=3
2026-08-10,competition,40,40,17,BOX08,52,2026-09-24,17:00:00,20:00:00,西尾市総合体育館,ボクシング,ボクシング,ボクシング - BOX08,イベントスケジュール未定,BUY,BUY,True,https://generalsale.tickets-aichi-nagoya2026.org/getFilteredProductsJSON.th?eventCategoryFather=3
2026-08-10,competition,91,91,34,GYM05,70,2026-09-24,17:00:00,20:55:00,名古屋市総合体育館［レインボーホール］,体操（体操）,体操（体操）,体操（体操） - GYM05,男子種目別ゆか 決勝 / 表彰式 ／ 女子種目別跳馬 決勝 / 表彰式 ／ 男子種目別あん馬 決勝 / 表彰式 ／ 女子種目別段違い平行棒 決勝 / 表彰式 ／ 男子種目別つり輪 決勝 / 表彰式 / メダル,BUY,BUY,True,https://generalsale.tickets-aichi-nagoya2026.org/getFilteredProductsJSON.th?eventCategoryFather=3
2026-08-10,competition,30,30,15,BK308,39,2026-09-24,17:40:00,21:00:00,金城ふ頭駅前特設コート,3x3 バスケットボール,3x3 バスケットボール,3×3 バスケットボール - BK308,女子準々決勝 （4試合） ／ 男子準々決勝（4試合）,BUY,BUY,True,https://generalsale.tickets-aichi-nagoya2026.org/getFilteredProductsJSON.th?eventCategoryFather=3
2026-08-10,competition,72,72,31,FEN06,20,2026-09-24,17:40:00,19:40:00,愛知県国際展示場［Aichi Sky Expo］（ホールF）,フェンシング,フェンシング,フェンシング - FEN06,男子エペ個人 準決勝 ／ 女子サーブル個人 準決勝 ／ 男子エペ個人 決勝 ／ 女子サーブル個人 決勝 ／ 表彰式 / メダル,LIMITED,BUY,True,https://generalsale.tickets-aichi-nagoya2026.org/getFilteredProductsJSON.th?eventCategoryFather=3
2026-08-10,competition,370,370,49,SRF01,37,2026-09-25,07:00:00,21:00:00,田原市赤羽根町大石海岸（太平洋ロングビーチ）,サーフィン,サーフィン,サーフィン - SRF01,【9/25】女子ラウンド.1 1～8 / 男子ラウンド.1 1～8 / 女子ラウンド.2 1～8【9/26】男子ラウンド.2 1～8 / 女子ラウンド.3 1～8【9/27】男子ラウンド.3 1～8 / 女子準々決勝 1～4 / 男子準々決勝 1～4【9/28】女子準決勝 1～2 / 男子準決勝 1～2 / 女子3位決定戦 / 男子3位決定戦 / 女子決勝 / 男子決勝 / メダル,BUY,BUY,True,https://generalsale.tickets-aichi-nagoya2026.org/getFilteredProductsJSON.th?eventCategoryFather=3
2026-08-10,competition,121,121,36,HOC07,25,2026-09-25,09:00:00,20:30:00,岐阜県グリーンスタジアム,ホッケー,ホッケー,ホッケー - HOC07,女子予選ラウンド（6試合）,BUY,BUY,True,https://generalsale.tickets-aichi-nagoya2026.org/getFilteredProductsJSON.th?eventCategoryFather=3
2026-08-10,competition,212,212,56,VBV06,26,2026-09-25,09:00:00,16:00:00,碧南緑地ビーチコート,ビーチバレーボール,ビーチバレーボール,ビーチバレー - VBV06,男子または女子予選ラウンド （6試合）,LIMITED,BUY,True,https://generalsale.tickets-aichi-nagoya2026.org/getFilteredProductsJSON.th?eventCategoryFather=3
2026-08-10,competition,361,361,46,SKB02,17,2026-09-25,09:00:00,14:15:00,愛知県国際展示場［Aichi Sky Expo］（ホールB）,スケートボード,スケートボード,スケートボード - SKB02,女子パーク 決勝/表彰式 ／ 男子パーク 決勝/表彰式 / メダル,SOLD_OUT,BUY,True,https://generalsale.tickets-aichi-nagoya2026.org/getFilteredProductsJSON.th?eventCategoryFather=3
2026-08-10,competition,393,393,44,SEW11,45,2026-09-25,09:00:00,12:00:00,名古屋市瑞穂公園体育館,セパタクロー,セパタクロー,セパタクロー - SEW11,女子チームレグ 決勝 / メダル,SOLD_OUT,BUY,True,https://generalsale.tickets-aichi-nagoya2026.org/getFilteredProductsJSON.th?eventCategoryFather=3
2026-08-10,competition,448,448,30,ELS04,19,2026-09-25,09:00:00,21:00:00,愛知県国際展示場［Aichi Sky Expo］（ホールD）,Eスポーツ,Eスポーツ,Eスポーツ - ELS04,対戦格闘団体戦 【SF6、鉄拳8、KOF15】 Elimination stage,LIMITED,BUY,True,https://generalsale.tickets-aichi-nagoya2026.org/getFilteredProductsJSON.th?eventCategoryFather=3
2026-08-10,competition,481,481,23,CKT11,34,2026-09-25,09:00:00,12:00:00,愛知県口論義運動公園,クリケット（T20）,クリケット（T20）,クリケット (T20) - CKT11,男子予選ラウンド,BUY,BUY,True,https://generalsale.tickets-aichi-nagoya2026.org/getFilteredProductsJSON.th?eventCategoryFather=3
2026-08-10,competition,73,73,31,FEN07,20,2026-09-25,09:00:00,14:00:00,愛知県国際展示場［Aichi Sky Expo］（ホールF）,フェンシング,フェンシング,フェンシング - FEN07,男子フルーレ団体 予選 ／ 女子エペ団体 予選,LIMITED,BUY,True,https://generalsale.tickets-aichi-nagoya2026.org/getFilteredProductsJSON.th?eventCategoryFather=3
2026-08-10,competition,3,3,11,BDM06,27,2026-09-25,09:30:00,20:30:00,一宮市総合体育館,バドミントン,バドミントン,バドミントン - BDM06,女子シングルス 1回戦 ／ 男子シングルス 1回戦 ／ 男子ダブルス 1回戦 ／ 混合ダブルス 1回戦 ／ 女子ダブルス 1回戦,SOLD_OUT,BUY,True,https://generalsale.tickets-aichi-nagoya2026.org/getFilteredProductsJSON.th?eventCategoryFather=3
2026-08-10,competition,61,61,29,EQU04,29,2026-09-25,09:30:00,17:20:00,馬事公苑,馬術,馬術,馬術 - EQU04,馬場馬術 – 団体決勝＆個人予選 ／ 馬場馬術 – 団体決勝 表彰式 / メダル,LIMITED,BUY,True,https://generalsale.tickets-aichi-nagoya2026.org/getFilteredProductsJSON.th?eventCategoryFather=3
2026-08-10,competition,157,157,45,SHO06,15,2026-09-25,10:00:00,17:45:00,愛知県総合射撃場,射撃,射撃,射撃 - SHO06,10mエアピストルミックス本選／10mエアピストルミックス決勝／10mエアピストルミックス表彰式／男子50mライフル３姿勢本選／男子50mライフル３姿勢決勝／男子50mライフル３姿勢表彰式 / メダル,SOLD_OUT,BUY,True,https://generalsale.tickets-aichi-nagoya2026.org/getFilteredProductsJSON.th?eventCategoryFather=3
2026-08-10,competition,174,174,50,TTE10,60,2026-09-25,10:00:00,21:30:00,スカイホール豊田,卓球,卓球,卓球 - TTE10,混合ダブルス準々決勝、準決勝 ／ 男子シングルス３回戦 ／ 女子シングルス２回戦、３回戦 ／ 男子ダブルス２回戦、３回戦 ／ 女子ダブルス３回戦,SOLD_OUT,BUY,True,https://generalsale.tickets-aichi-nagoya2026.org/getFilteredProductsJSON.th?eventCategoryFather=3
2026-08-10,competition,225,225,57,WLF05,47,2026-09-25,10:00:00,12:00:00,名古屋市中小企業振興会館,ウエイトリフティング,ウエイトリフティング,ウエイトリフティング - WLF05,女子57kg級 グループB ／ 女子61kg級 グループB,SOLD_OUT,BUY,True,https://generalsale.tickets-aichi-nagoya2026.org/getFilteredProductsJSON.th?eventCategoryFather=3
2026-08-10,competition,272,272,7,SWM11,62,2026-09-25,10:00:00,12:00:00,東京アクアティクスセンター,水泳 (競泳),水泳 (競泳),水泳（競泳） - SWM11,女子50ｍバタフライ 予選 ／ 男子50ｍ平泳ぎ 予選 ／ 女子800m自由形 タイム決勝① ／ 男子200m背泳ぎ 予選 ／ 男子400m自由形 予選 ／ 男子200mバタフライ 予選 ／ 女子4×100mメドレーリレー 予選,BUY,BUY,True,https://generalsale.tickets-aichi-nagoya2026.org/getFilteredProductsJSON.th?eventCategoryFather=3
2026-08-10,competition,287,287,10,ATH02,44,2026-09-25,10:00:00,13:40:00,名古屋市瑞穂公園陸上競技場,陸上競技（トラック/フィールド） ,陸上競技（トラック/フィールド） ,陸上競技（トラック/フィールド） - ATH02,メダル,BUY,BUY,True,https://generalsale.tickets-aichi-nagoya2026.org/getFilteredProductsJSON.th?eventCategoryFather=3
2026-08-10,competition,302,302,18,CSP03,35,2026-09-25,10:00:00,12:50:00,三好池カヌー競技場,カヌー・カヤック (スプリント),カヌー・カヤック（スプリント）,カヌー・カヤック（スプリント） - CSP03,男子カヤックペア500m 準決勝 ／ 女子カヤックフォア500m 準決勝 ／ 男子カナディアンシングル500m 準決勝 ／ 女子カナディアンペア500m 準決勝 ／ 男子カヤックペア500m 決勝 ／ 女子カヤックフォア500m 決勝 ／ 男子カナディアンシングル500m 決勝 ／ 女子カナディアンペア500m 決勝 / メダル,BUY,BUY,True,https://generalsale.tickets-aichi-nagoya2026.org/getFilteredProductsJSON.th?eventCategoryFather=3
2026-08-10,competition,459,459,48,SQU03,49,2026-09-25,10:00:00,18:00:00,名古屋金城ふ頭アリーナ,スカッシュ,スカッシュ,スカッシュ - SQU03,混合ダブルス準々決勝 ／ 女子個人戦準々決勝 ／ 男子個人戦準々決勝,LIMITED,BUY,True,https://generalsale.tickets-aichi-nagoya2026.org/getFilteredProductsJSON.th?eventCategoryFather=3
2026-08-10,competition,109,109,35,HBL09,51,2026-09-25,11:00:00,20:00:00,エントリオ,ハンドボール,ハンドボール,ハンドボール - HBL09,男子予選ラウンド（2試合） ／ 女子準決勝（2試合）,SOLD_OUT,BUY,True,https://generalsale.tickets-aichi-nagoya2026.org/getFilteredProductsJSON.th?eventCategoryFather=3
2026-08-10,competition,41,41,17,BOX09,52,2026-09-25,12:00:00,15:00:00,西尾市総合体育館,ボクシング,ボクシング,ボクシング - BOX09,イベントスケジュール未定,BUY,BUY,True,https://generalsale.tickets-aichi-nagoya2026.org/getFilteredProductsJSON.th?eventCategoryFather=3
2026-08-10,competition,423,423,12,BBL14,65,2026-09-25,12:00:00,15:00:00,豊橋市民球場,野球,野球,野球 - BBL14,プレイスメントラウンド,BUY,BUY,True,https://generalsale.tickets-aichi-nagoya2026.org/getFilteredProductsJSON.th?eventCategoryFather=3
2026-08-10,competition,424,424,12,BBL13,54,2026-09-25,12:00:00,15:00:00,岡崎中央総合公園野球場,野球,野球,野球 - BBL13,プレイスメントラウンド,BUY,BUY,True,https://generalsale.tickets-aichi-nagoya2026.org/getFilteredProductsJSON.th?eventCategoryFather=3
2026-08-10,competition,110,110,35,HBL10,31,2026-09-25,12:30:00,20:00:00,春日井市総合体育館,ハンドボール,ハンドボール,ハンドボール - HBL10,男子予選ラウンド（4試合）,SOLD_OUT,BUY,True,https://generalsale.tickets-aichi-nagoya2026.org/getFilteredProductsJSON.th?eventCategoryFather=3
2026-08-10,competition,31,31,15,BK309,39,2026-09-25,13:00:00,14:40:00,金城ふ頭駅前特設コート,3x3 バスケットボール,3x3 バスケットボール,3×3 バスケットボール - BK309,女子準決勝 （2試合） ／ 男子準決勝 （2試合）,LIMITED,BUY,True,https://generalsale.tickets-aichi-nagoya2026.org/getFilteredProductsJSON.th?eventCategoryFather=3
2026-08-10,competition,407,407,38,KAB09,61,2026-09-25,13:00:00,15:00:00,東海市民体育館,カバディ,カバディ,カバディ - KAB09,男子準決勝 ／ 女子準決勝 （２試合）,SOLD_OUT,BUY,True,https://generalsale.tickets-aichi-nagoya2026.org/getFilteredProductsJSON.th?eventCategoryFather=3
2026-08-10,competition,226,226,57,WLF06,47,2026-09-25,13:30:00,19:20:00,名古屋市中小企業振興会館,ウエイトリフティング,ウエイトリフティング,ウエイトリフティング - WLF06,女子57kg級 グループA／表彰式 ／ 女子61kg級 グループA／表彰式 / メダル,LIMITED,BUY,True,https://generalsale.tickets-aichi-nagoya2026.org/getFilteredProductsJSON.th?eventCategoryFather=3
2026-08-10,competition,394,394,44,SEW12,45,2026-09-25,14:00:00,18:00:00,名古屋市瑞穂公園体育館,セパタクロー,セパタクロー,セパタクロー - SEW12,男子チームレグ 決勝・表彰式 ／女子チームレグ 表彰式 / メダル,SOLD_OUT,BUY,True,https://generalsale.tickets-aichi-nagoya2026.org/getFilteredProductsJSON.th?eventCategoryFather=3
2026-08-10,competition,482,482,23,CKT12,34,2026-09-25,14:00:00,17:00:00,愛知県口論義運動公園,クリケット（T20）,クリケット（T20）,クリケット (T20) - CKT12,男子予選ラウンド,BUY,BUY,True,https://generalsale.tickets-aichi-nagoya2026.org/getFilteredProductsJSON.th?eventCategoryFather=3
2026-08-10,competition,80,80,32,FBL26,46,2026-09-25,14:00:00,21:30:00,名古屋市瑞穂公園ラグビー場,サッカー,サッカー,サッカー - FBL26,男子準々決勝（2試合）,BUY,BUY,True,https://generalsale.tickets-aichi-nagoya2026.org/getFilteredProductsJSON.th?eventCategoryFather=3
2026-08-10,competition,74,74,31,FEN08,20,2026-09-25,15:00:00,21:00:00,愛知県国際展示場［Aichi Sky Expo］（ホールF）,フェンシング,フェンシング,フェンシング - FEN08,男子フルーレ団体 準決勝 ／ 女子エペ団体 準決勝 ／ 男子フルーレ団体 決勝 ／ 女子エペ団体 決勝 ／ 表彰式 / メダル,LIMITED,BUY,True,https://generalsale.tickets-aichi-nagoya2026.org/getFilteredProductsJSON.th?eventCategoryFather=3
2026-08-10,competition,79,79,32,FBL25,59,2026-09-25,15:00:00,21:30:00,小笠山総合運動公園エコパスタジアム,サッカー,サッカー,サッカー - FBL25,女子準々決勝（2試合）,BUY,BUY,True,https://generalsale.tickets-aichi-nagoya2026.org/getFilteredProductsJSON.th?eventCategoryFather=3
2026-08-10,competition,81,81,32,FBL27,36,2026-09-25,15:00:00,21:30:00,長居陸上競技場,サッカー,サッカー,サッカー - FBL27,女子準々決勝（2試合）,BUY,BUY,True,https://generalsale.tickets-aichi-nagoya2026.org/getFilteredProductsJSON.th?eventCategoryFather=3
2026-08-10,competition,92,92,34,GYM06,70,2026-09-25,15:00:00,18:55:00,名古屋市総合体育館［レインボーホール］,体操（体操）,体操（体操）,体操（体操） - GYM06,男子種目別跳馬 決勝 / 表彰式 ／ 女子種目別平均台 決勝 / 表彰式 ／ 男子種目別平行棒 決勝 / 表彰式 ／ 女子種目別ゆか 決勝 / 表彰式 ／ 男子種目別鉄棒 決勝 / 表彰式 / メダル,LIMITED,BUY,True,https://generalsale.tickets-aichi-nagoya2026.org/getFilteredProductsJSON.th?eventCategoryFather=3
2026-08-10,competition,21,21,14,BKB14,14,2026-09-25,16:00:00,21:15:00,愛知国際アリーナ,バスケットボール,バスケットボール,バスケットボール - BKB14,女子準決勝 （2試合）,BUY,BUY,True,https://generalsale.tickets-aichi-nagoya2026.org/getFilteredProductsJSON.th?eventCategoryFather=3
2026-08-10,competition,254,254,7,SWM12,62,2026-09-25,17:00:00,19:00:00,東京アクアティクスセンター,水泳 (競泳),水泳 (競泳),水泳（競泳） - SWM12,女子50ｍバタフライ 決勝 ／ 男子50ｍ平泳ぎ 決勝 ／ 女子800m自由形 タイム決勝② ／ 男子200m背泳ぎ 決勝 ／ 男子400m自由形 決勝 ／ 男子200mバタフライ 決勝 ／ 女子4×100mメドレーリレー 決勝 / メダル,LIMITED,BUY,True,https://generalsale.tickets-aichi-nagoya2026.org/getFilteredProductsJSON.th?eventCategoryFather=3
2026-08-10,competition,42,42,17,BOX10,52,2026-09-25,17:00:00,20:00:00,西尾市総合体育館,ボクシング,ボクシング,ボクシング - BOX10,イベントスケジュール未定,BUY,BUY,True,https://generalsale.tickets-aichi-nagoya2026.org/getFilteredProductsJSON.th?eventCategoryFather=3
2026-08-10,competition,288,288,10,ATH03,44,2026-09-25,17:40:00,22:30:00,名古屋市瑞穂公園陸上競技場,陸上競技（トラック/フィールド） ,陸上競技（トラック/フィールド） ,陸上競技（トラック/フィールド） - ATH03,メダル,LIMITED,BUY,True,https://generalsale.tickets-aichi-nagoya2026.org/getFilteredProductsJSON.th?eventCategoryFather=3
2026-08-10,competition,32,32,15,BK310,39,2026-09-25,18:00:00,20:35:00,金城ふ頭駅前特設コート,3x3 バスケットボール,3x3 バスケットボール,3×3 バスケットボール - BK310,女子3位決定戦 ／ 男子3位決定戦 ／ 女子決勝戦 ／ 男子決勝戦 / メダル,SOLD_OUT,BUY,True,https://generalsale.tickets-aichi-nagoya2026.org/getFilteredProductsJSON.th?eventCategoryFather=3
2026-08-10,competition,408,408,38,KAB10,61,2026-09-25,18:00:00,20:00:00,東海市民体育館,カバディ,カバディ,カバディ - KAB10,男子準決勝 ／ 女子準決勝 （２試合）,SOLD_OUT,BUY,True,https://generalsale.tickets-aichi-nagoya2026.org/getFilteredProductsJSON.th?eventCategoryFather=3
2026-08-10,competition,425,425,12,BBL16,65,2026-09-25,18:30:00,21:30:00,豊橋市民球場,野球,野球,野球 - BBL16,スーパーラウンド,BUY,BUY,True,https://generalsale.tickets-aichi-nagoya2026.org/getFilteredProductsJSON.th?eventCategoryFather=3
2026-08-10,competition,426,426,12,BBL15,54,2026-09-25,18:30:00,21:30:00,岡崎中央総合公園野球場,野球,野球,野球 - BBL15,スーパーラウンド,BUY,BUY,True,https://generalsale.tickets-aichi-nagoya2026.org/getFilteredProductsJSON.th?eventCategoryFather=3
2026-08-10,competition,289,289,10,ATH04,44,2026-09-26,07:30:00,12:30:00,名古屋市瑞穂公園陸上競技場,陸上競技（トラック/フィールド） ,陸上競技（トラック/フィールド） ,陸上競技（トラック/フィールド） - ATH04,メダル,BUY,BUY,True,https://generalsale.tickets-aichi-nagoya2026.org/getFilteredProductsJSON.th?eventCategoryFather=3
2026-08-10,competition,122,122,36,HOC08,25,2026-09-26,09:00:00,20:30:00,岐阜県グリーンスタジアム,ホッケー,ホッケー,ホッケー - HOC08,男子予選ラウンド（6試合）,BUY,BUY,True,https://generalsale.tickets-aichi-nagoya2026.org/getFilteredProductsJSON.th?eventCategoryFather=3
2026-08-10,competition,158,158,45,SHO07,15,2026-09-26,09:00:00,16:00:00,愛知県総合射撃場,射撃,射撃,射撃 - SHO07,女子50mライフル３姿勢本選／女子50mライフル３姿勢決勝／女子50mライフル３姿勢表彰式 / メダル,SOLD_OUT,BUY,True,https://generalsale.tickets-aichi-nagoya2026.org/getFilteredProductsJSON.th?eventCategoryFather=3
2026-08-10,competition,213,213,56,VBV07,26,2026-09-26,09:00:00,16:00:00,碧南緑地ビーチコート,ビーチバレーボール,ビーチバレーボール,ビーチバレー - VBV07,男子または女子予選ラウンド（6試合）,BUY,BUY,True,https://generalsale.tickets-aichi-nagoya2026.org/getFilteredProductsJSON.th?eventCategoryFather=3
2026-08-10,competition,362,362,46,SKB03,17,2026-09-26,09:00:00,22:00:00,愛知県国際展示場［Aichi Sky Expo］（ホールB）,スケートボード,スケートボード,スケートボード - SKB03,女子ストリート 予選 ／ 男子ストリート 予選,SOLD_OUT,BUY,True,https://generalsale.tickets-aichi-nagoya2026.org/getFilteredProductsJSON.th?eventCategoryFather=3
2026-08-10,competition,432,432,13,SBL01,22,2026-09-26,09:00:00,17:15:00,安城市総合運動公園ソフトボール場,ソフトボール,ソフトボール,ソフトボール - SBL01,予選ラウンド,LIMITED,BUY,True,https://generalsale.tickets-aichi-nagoya2026.org/getFilteredProductsJSON.th?eventCategoryFather=3
2026-08-10,competition,449,449,30,ELS05,19,2026-09-26,09:00:00,14:00:00,愛知県国際展示場［Aichi Sky Expo］（ホールD）,Eスポーツ,Eスポーツ,Eスポーツ - ELS05,ぷよぷよｅスポーツ /Elimination stage / メダル,BUY,BUY,True,https://generalsale.tickets-aichi-nagoya2026.org/getFilteredProductsJSON.th?eventCategoryFather=3
2026-08-10,competition,483,483,23,CKT13,34,2026-09-26,09:00:00,12:00:00,愛知県口論義運動公園,クリケット（T20）,クリケット（T20）,クリケット (T20) - CKT13,男子予選ラウンド,BUY,BUY,True,https://generalsale.tickets-aichi-nagoya2026.org/getFilteredProductsJSON.th?eventCategoryFather=3
2026-08-10,competition,75,75,31,FEN09,20,2026-09-26,09:00:00,13:40:00,愛知県国際展示場［Aichi Sky Expo］（ホールF）,フェンシング,フェンシング,フェンシング - FEN09,女子フルーレ団体 予選 ／ 男子サーブル団体 予選,LIMITED,BUY,True,https://generalsale.tickets-aichi-nagoya2026.org/getFilteredProductsJSON.th?eventCategoryFather=3
2026-08-10,competition,4,4,11,BDM07,27,2026-09-26,09:30:00,20:30:00,一宮市総合体育館,バドミントン,バドミントン,バドミントン - BDM07,女子シングルス 2回戦 ／ 男子シングルス 2回戦 ／ 男子ダブルス 2回戦 ／ 混合ダブルス 2回戦 ／ 女子ダブルス 2回戦,LIMITED,BUY,True,https://generalsale.tickets-aichi-nagoya2026.org/getFilteredProductsJSON.th?eventCategoryFather=3
2026-08-10,competition,57,57,27,BMF01,18,2026-09-26,09:30:00,14:30:00,愛知県国際展示場［Aichi Sky Expo］（ホールC）,自転車競技 (BMXフリースタイル),自転車競技 (BMXフリースタイル),自転車競技（BMXフリースタイル） - BMF01,女子 / 予選 ／ 男子 / 予選,LIMITED,BUY,True,https://generalsale.tickets-aichi-nagoya2026.org/getFilteredProductsJSON.th?eventCategoryFather=3
2026-08-10,competition,62,62,29,EQU05,29,2026-09-26,09:30:00,16:50:00,馬事公苑,馬術,馬術,馬術 - EQU05,馬場馬術 – 個人予選,SOLD_OUT,BUY,True,https://generalsale.tickets-aichi-nagoya2026.org/getFilteredProductsJSON.th?eventCategoryFather=3
2026-08-10,competition,175,175,50,TTE11,60,2026-09-26,10:00:00,13:00:00,スカイホール豊田,卓球,卓球,卓球 - TTE11,男子シングルス４回戦 ／ 女子シングルス４回戦,SOLD_OUT,BUY,True,https://generalsale.tickets-aichi-nagoya2026.org/getFilteredProductsJSON.th?eventCategoryFather=3
2026-08-10,competition,227,227,57,WLF07,47,2026-09-26,10:00:00,12:00:00,名古屋市中小企業振興会館,ウエイトリフティング,ウエイトリフティング,ウエイトリフティング - WLF07,男子70kg級 グループB ／ 男子75kg級 グループB,BUY,BUY,True,https://generalsale.tickets-aichi-nagoya2026.org/getFilteredProductsJSON.th?eventCategoryFather=3
2026-08-10,competition,255,255,6,DIV01,62,2026-09-26,10:00:00,15:00:00,東京アクアティクスセンター,水泳 (飛込),水泳 (飛込),水泳（飛込） - DIV01,女子シンクロナイズド高飛込 ／ 男子シンクロナイズド3m飛板飛込 / メダル,LIMITED,BUY,True,https://generalsale.tickets-aichi-nagoya2026.org/getFilteredProductsJSON.th?eventCategoryFather=3
2026-08-10,competition,303,303,18,CSP04,35,2026-09-26,10:00:00,12:50:00,三好池カヌー競技場,カヌー・カヤック (スプリント),カヌー・カヤック（スプリント）,カヌー・カヤック（スプリント） - CSP04,女子カヤックシングル500m 準決勝 ／ 男子カヤックシングル500ｍ 準決勝 ／ 混合カヤックペア500m 準決勝 ／ 混合カナディアンペア500m 準決勝 ／ 女子カヤックシングル500m 決勝 ／ 男子カヤックシングル500ｍ 決勝 ／ 混合カナディアンペア500m 決勝 ／ 混合カヤックペア500m 決勝 / メダル,LIMITED,BUY,True,https://generalsale.tickets-aichi-nagoya2026.org/getFilteredProductsJSON.th?eventCategoryFather=3
2026-08-10,competition,273,273,5,SWA01,13,2026-09-26,11:00:00,12:30:00,古橋廣之進記念浜松市総合水泳場［ToBiO］,水泳 (アーティスティックスイミング),水泳 (アーティスティックスイミング),水泳（アーティスティックスイミング） - SWA01,女子デュエット テクニカルルーティン,SOLD_OUT,BUY,True,https://generalsale.tickets-aichi-nagoya2026.org/getFilteredProductsJSON.th?eventCategoryFather=3
2026-08-10,competition,337,337,43,SAL01,30,2026-09-26,11:00:00,12:30:00,海陽ヨットハーバー,セーリング,セーリング,セーリング - SAL01,少年男子 二人乗りスキフ​／少年女子 二人乗りスキフ,SOLD_OUT,BUY,True,https://generalsale.tickets-aichi-nagoya2026.org/getFilteredProductsJSON.th?eventCategoryFather=3
2026-08-10,competition,427,427,12,BBL18,65,2026-09-26,12:00:00,15:00:00,豊橋市民球場,野球,野球,野球 - BBL18,プレイスメントラウンド,BUY,BUY,True,https://generalsale.tickets-aichi-nagoya2026.org/getFilteredProductsJSON.th?eventCategoryFather=3
2026-08-10,competition,428,428,12,BBL17,54,2026-09-26,12:00:00,15:00:00,岡崎中央総合公園野球場,野球,野球,野球 - BBL17,プレイスメントラウンド,BUY,BUY,True,https://generalsale.tickets-aichi-nagoya2026.org/getFilteredProductsJSON.th?eventCategoryFather=3
2026-08-10,competition,43,43,17,BOX11,52,2026-09-26,12:00:00,15:00:00,西尾市総合体育館,ボクシング,ボクシング,ボクシング - BOX11,イベントスケジュール未定,BUY,BUY,True,https://generalsale.tickets-aichi-nagoya2026.org/getFilteredProductsJSON.th?eventCategoryFather=3
2026-08-10,competition,460,460,48,SQU04,49,2026-09-26,12:00:00,17:30:00,名古屋金城ふ頭アリーナ,スカッシュ,スカッシュ,スカッシュ - SQU04,混合ダブルス準決勝 ／ 女子個人戦準決勝 ／ 男子個人戦準決勝,SOLD_OUT,BUY,True,https://generalsale.tickets-aichi-nagoya2026.org/getFilteredProductsJSON.th?eventCategoryFather=3
2026-08-10,competition,409,409,38,KAB11,61,2026-09-26,13:00:00,14:45:00,東海市民体育館,カバディ,カバディ,カバディ - KAB11,女子決勝 ／ 表彰式 / メダル,SOLD_OUT,BUY,True,https://generalsale.tickets-aichi-nagoya2026.org/getFilteredProductsJSON.th?eventCategoryFather=3
2026-08-10,competition,111,111,35,HBL11,51,2026-09-26,13:30:00,20:00:00,エントリオ,ハンドボール,ハンドボール,ハンドボール - HBL11,男子予選ラウンド（3試合）,SOLD_OUT,BUY,True,https://generalsale.tickets-aichi-nagoya2026.org/getFilteredProductsJSON.th?eventCategoryFather=3
2026-08-10,competition,112,112,35,HBL12,31,2026-09-26,13:30:00,19:00:00,春日井市総合体育館,ハンドボール,ハンドボール,ハンドボール - HBL12,男子予選ラウンド（3試合）,SOLD_OUT,BUY,True,https://generalsale.tickets-aichi-nagoya2026.org/getFilteredProductsJSON.th?eventCategoryFather=3
2026-08-10,competition,228,228,57,WLF08,47,2026-09-26,13:30:00,19:20:00,名古屋市中小企業振興会館,ウエイトリフティング,ウエイトリフティング,ウエイトリフティング - WLF08,男子70kg級 グループA ／表彰式／ 男子75kg級 グループA／表彰式 / メダル,SOLD_OUT,BUY,True,https://generalsale.tickets-aichi-nagoya2026.org/getFilteredProductsJSON.th?eventCategoryFather=3
2026-08-10,competition,338,338,43,SAL02,30,2026-09-26,13:30:00,15:00:00,海陽ヨットハーバー,セーリング,セーリング,セーリング - SAL02,成年男子 二人乗りスキフ / 成年女子 二人乗りスキフ / 成年男女混合 二人乗りディンギー,SOLD_OUT,BUY,True,https://generalsale.tickets-aichi-nagoya2026.org/getFilteredProductsJSON.th?eventCategoryFather=3
2026-08-10,competition,484,484,23,CKT14,34,2026-09-26,14:00:00,17:00:00,愛知県口論義運動公園,クリケット（T20）,クリケット（T20）,クリケット (T20) - CKT14,男子予選ラウンド,BUY,BUY,True,https://generalsale.tickets-aichi-nagoya2026.org/getFilteredProductsJSON.th?eventCategoryFather=3
2026-08-10,competition,264,264,8,WPO06,40,2026-09-26,14:15:00,19:00:00,名古屋市総合体育館［レインボープール］,水泳 (水球),水泳 (水球),水泳（水球） - WPO06,男子予選ステージ（3試合）,BUY,BUY,True,https://generalsale.tickets-aichi-nagoya2026.org/getFilteredProductsJSON.th?eventCategoryFather=3
2026-08-10,competition,82,82,32,FBL28,66,2026-09-26,15:00:00,21:30:00,豊田スタジアム,サッカー,サッカー,サッカー - FBL28,男子準々決勝（2試合）,BUY,BUY,True,https://generalsale.tickets-aichi-nagoya2026.org/getFilteredProductsJSON.th?eventCategoryFather=3
2026-08-10,competition,76,76,31,FEN10,20,2026-09-26,15:10:00,20:10:00,愛知県国際展示場［Aichi Sky Expo］（ホールF）,フェンシング,フェンシング,フェンシング - FEN10,女子フルーレ団体 準決勝 ／ 男子サーブル団体 準決勝 ／ 女子フルーレ団体 決勝 ／ 男子サーブル団体 決勝 ／ 表彰式 / メダル,LIMITED,BUY,True,https://generalsale.tickets-aichi-nagoya2026.org/getFilteredProductsJSON.th?eventCategoryFather=3
2026-08-10,competition,176,176,50,TTE12,60,2026-09-26,15:30:00,20:30:00,スカイホール豊田,卓球,卓球,卓球 - TTE12,男子ダブルス準々決勝 ／ 女子シングルス準々決勝 ／ 男子シングルス準々決勝 ／ 女子ダブルス準々決勝 ／ 混合ダブルス決勝、表彰式 / メダル,SOLD_OUT,BUY,True,https://generalsale.tickets-aichi-nagoya2026.org/getFilteredProductsJSON.th?eventCategoryFather=3
2026-08-10,competition,22,22,14,BKB15,14,2026-09-26,16:00:00,21:15:00,愛知国際アリーナ,バスケットボール,バスケットボール,バスケットボール - BKB15,女子3位決定戦 ／ 女子決勝 / メダル,LIMITED,BUY,True,https://generalsale.tickets-aichi-nagoya2026.org/getFilteredProductsJSON.th?eventCategoryFather=3
2026-08-10,competition,450,450,30,ELS06,19,2026-09-26,16:00:00,20:00:00,愛知県国際展示場［Aichi Sky Expo］（ホールD）,Eスポーツ,Eスポーツ,Eスポーツ - ELS06,対戦格闘団体戦【SF6、鉄拳8、KOF15】 ／ Elimination stage / メダル,BUY,BUY,True,https://generalsale.tickets-aichi-nagoya2026.org/getFilteredProductsJSON.th?eventCategoryFather=3
2026-08-10,competition,274,274,5,SWA02,13,2026-09-26,17:00:00,18:30:00,古橋廣之進記念浜松市総合水泳場［ToBiO］,水泳 (アーティスティックスイミング),水泳 (アーティスティックスイミング),水泳（アーティスティックスイミング） - SWA02,混合チーム アクロバティックルーティン,SOLD_OUT,BUY,True,https://generalsale.tickets-aichi-nagoya2026.org/getFilteredProductsJSON.th?eventCategoryFather=3
2026-08-10,competition,290,290,10,ATH05,44,2026-09-26,17:00:00,22:30:00,名古屋市瑞穂公園陸上競技場,陸上競技（トラック/フィールド） ,陸上競技（トラック/フィールド） ,陸上競技（トラック/フィールド） - ATH05,メダル,LIMITED,BUY,True,https://generalsale.tickets-aichi-nagoya2026.org/getFilteredProductsJSON.th?eventCategoryFather=3
2026-08-10,competition,44,44,17,BOX12,52,2026-09-26,17:00:00,20:00:00,西尾市総合体育館,ボクシング,ボクシング,ボクシング - BOX12,イベントスケジュール未定,BUY,BUY,True,https://generalsale.tickets-aichi-nagoya2026.org/getFilteredProductsJSON.th?eventCategoryFather=3
2026-08-10,competition,410,410,38,KAB12,61,2026-09-26,18:00:00,19:45:00,東海市民体育館,カバディ,カバディ,カバディ - KAB12,男子決勝 ／ 表彰式 / メダル,SOLD_OUT,BUY,True,https://generalsale.tickets-aichi-nagoya2026.org/getFilteredProductsJSON.th?eventCategoryFather=3
2026-08-10,competition,429,429,12,BBL20,65,2026-09-26,18:30:00,21:30:00,豊橋市民球場,野球,野球,野球 - BBL20,スーパーラウンド,BUY,BUY,True,https://generalsale.tickets-aichi-nagoya2026.org/getFilteredProductsJSON.th?eventCategoryFather=3
2026-08-10,competition,430,430,12,BBL19,54,2026-09-26,18:30:00,21:30:00,岡崎中央総合公園野球場,野球,野球,野球 - BBL19,スーパーラウンド,BUY,BUY,True,https://generalsale.tickets-aichi-nagoya2026.org/getFilteredProductsJSON.th?eventCategoryFather=3
2026-08-10,competition,123,123,36,HOC09,25,2026-09-27,09:00:00,20:30:00,岐阜県グリーンスタジアム,ホッケー,ホッケー,ホッケー - HOC09,女子予選ラウンド（6試合）,BUY,BUY,True,https://generalsale.tickets-aichi-nagoya2026.org/getFilteredProductsJSON.th?eventCategoryFather=3
2026-08-10,competition,159,159,45,SHO08,15,2026-09-27,09:00:00,16:00:00,愛知県総合射撃場,射撃,射撃,射撃 - SHO08,女子25mピストル精密ステージ／女子トラップ本選１日目／男子トラップ本選１日目,LIMITED,BUY,True,https://generalsale.tickets-aichi-nagoya2026.org/getFilteredProductsJSON.th?eventCategoryFather=3
2026-08-10,competition,214,214,56,VBV08,26,2026-09-27,09:00:00,16:00:00,碧南緑地ビーチコート,ビーチバレーボール,ビーチバレーボール,ビーチバレー - VBV08,男子または女子予選ラウンド（6試合）,BUY,BUY,True,https://generalsale.tickets-aichi-nagoya2026.org/getFilteredProductsJSON.th?eventCategoryFather=3
2026-08-10,competition,395,395,44,SEW13,45,2026-09-27,09:00:00,11:00:00,名古屋市瑞穂公園体育館,セパタクロー,セパタクロー,セパタクロー - SEW13,男子レグ 予選 ／ 女子ダブル 予選,SOLD_OUT,BUY,True,https://generalsale.tickets-aichi-nagoya2026.org/getFilteredProductsJSON.th?eventCategoryFather=3
2026-08-10,competition,433,433,13,SBL02,22,2026-09-27,09:00:00,17:15:00,安城市総合運動公園ソフトボール場,ソフトボール,ソフトボール,ソフトボール - SBL02,予選ラウンド,BUY,BUY,True,https://generalsale.tickets-aichi-nagoya2026.org/getFilteredProductsJSON.th?eventCategoryFather=3
2026-08-10,competition,451,451,30,ELS07,19,2026-09-27,09:00:00,20:00:00,愛知県国際展示場［Aichi Sky Expo］（ホールD）,Eスポーツ,Eスポーツ,Eスポーツ - ELS07,ポケモンユナイト ／ Elimination stage / メダル,LIMITED,BUY,True,https://generalsale.tickets-aichi-nagoya2026.org/getFilteredProductsJSON.th?eventCategoryFather=3
2026-08-10,competition,77,77,31,FEN11,20,2026-09-27,09:00:00,14:20:00,愛知県国際展示場［Aichi Sky Expo］（ホールF）,フェンシング,フェンシング,フェンシング - FEN11,男子エペ団体 予選 ／ 女子サーブル団体 予選,LIMITED,BUY,True,https://generalsale.tickets-aichi-nagoya2026.org/getFilteredProductsJSON.th?eventCategoryFather=3
2026-08-10,competition,95,95,81,GTR01,70,2026-09-27,09:00:00,14:45:00,名古屋市総合体育館［レインボーホール］,体操 (トランポリン),体操 (トランポリン),体操（トランポリン） - GTR01,男子 予選 ／ 決勝 ／ 表彰式 / メダル,BUY,BUY,True,https://generalsale.tickets-aichi-nagoya2026.org/getFilteredProductsJSON.th?eventCategoryFather=3
2026-08-10,competition,371,371,21,KUR01,16,2026-09-27,09:30:00,17:30:00,愛知県武道館,コンバットスポーツ (クラッシュ),コンバットスポーツ (クラッシュ),コンバットスポーツ（クラッシュ） - KUR01,女子予選ラウンド（－57㎏） ／ 男子予選ラウンド（＋90㎏） ／ 女子決勝ラウンド（－57㎏） ／ 男子決勝ラウンド（＋90㎏） / メダル,BUY,BUY,True,https://generalsale.tickets-aichi-nagoya2026.org/getFilteredProductsJSON.th?eventCategoryFather=3
2026-08-10,competition,5,5,11,BDM08,27,2026-09-27,09:30:00,20:30:00,一宮市総合体育館,バドミントン,バドミントン,バドミントン - BDM08,女子シングルス 準々決勝 ／ 男子シングルス 準々決勝 ／ 男子ダブルス 準々決勝 ／ 混合ダブルス 準々決勝 ／ 女子ダブルス 準々決勝,SOLD_OUT,BUY,True,https://generalsale.tickets-aichi-nagoya2026.org/getFilteredProductsJSON.th?eventCategoryFather=3
2026-08-10,competition,58,58,27,BMF02,18,2026-09-27,09:30:00,13:30:00,愛知県国際展示場［Aichi Sky Expo］（ホールC）,自転車競技 (BMXフリースタイル),自転車競技 (BMXフリースタイル),自転車競技（BMXフリースタイル） - BMF02,女子決勝 ／ 男子決勝　／表彰式 / メダル,SOLD_OUT,BUY,True,https://generalsale.tickets-aichi-nagoya2026.org/getFilteredProductsJSON.th?eventCategoryFather=3
2026-08-10,competition,63,63,29,EQU06,29,2026-09-27,09:30:00,12:30:00,馬事公苑,馬術,馬術,馬術 - EQU06,馬場馬術 – 個人 決勝（15 スターター） ／ 馬場馬術 – 個人 表彰式 / メダル,SOLD_OUT,BUY,True,https://generalsale.tickets-aichi-nagoya2026.org/getFilteredProductsJSON.th?eventCategoryFather=3
2026-08-10,competition,196,196,55,VVO13,55,2026-09-27,10:00:00,21:20:00,岡崎中央総合公園総合体育館,バレーボール,バレーボール,バレーボール - VVO13,男子ファーストラウンド（4試合）,LIMITED,BUY,True,https://generalsale.tickets-aichi-nagoya2026.org/getFilteredProductsJSON.th?eventCategoryFather=3
2026-08-10,competition,197,197,55,VVO14,57,2026-09-27,10:00:00,21:00:00,小牧市スポーツ公園総合体育館,バレーボール,バレーボール,バレーボール - VVO14,男子ファーストラウンド（4試合）,LIMITED,BUY,True,https://generalsale.tickets-aichi-nagoya2026.org/getFilteredProductsJSON.th?eventCategoryFather=3
2026-08-10,competition,229,229,57,WLF09,47,2026-09-27,10:00:00,12:00:00,名古屋市中小企業振興会館,ウエイトリフティング,ウエイトリフティング,ウエイトリフティング - WLF09,女子69kg級 グループB ／ 女子77kg級 グループB,BUY,BUY,True,https://generalsale.tickets-aichi-nagoya2026.org/getFilteredProductsJSON.th?eventCategoryFather=3
2026-08-10,competition,256,256,6,DIV02,62,2026-09-27,10:00:00,15:00:00,東京アクアティクスセンター,水泳 (飛込),水泳 (飛込),水泳（飛込） - DIV02,女子シンクロナイズド3m飛板飛込 ／ 男子シンクロナイズド高飛込 / メダル,LIMITED,BUY,True,https://generalsale.tickets-aichi-nagoya2026.org/getFilteredProductsJSON.th?eventCategoryFather=3
2026-08-10,competition,345,345,51,TEN01,41,2026-09-27,10:00:00,21:00:00,名古屋市東山公園テニスセンター,テニス,テニス,テニス - TEN01,男子シングルス１回戦 ／ 男子ダブルス１回戦 ／ 女子シングルス１回戦 ／ 女子ダブルス１回戦,LIMITED,BUY,True,https://generalsale.tickets-aichi-nagoya2026.org/getFilteredProductsJSON.th?eventCategoryFather=3
2026-08-10,competition,363,363,46,SKB04,17,2026-09-27,10:00:00,15:00:00,愛知県国際展示場［Aichi Sky Expo］（ホールB）,スケートボード,スケートボード,スケートボード - SKB04,女子ストリート 決勝/表彰式 ／ 男子ストリート 決勝/表彰式 / メダル,LIMITED,BUY,True,https://generalsale.tickets-aichi-nagoya2026.org/getFilteredProductsJSON.th?eventCategoryFather=3
2026-08-10,competition,275,275,5,SWA03,13,2026-09-27,11:00:00,13:00:00,古橋廣之進記念浜松市総合水泳場［ToBiO］,水泳 (アーティスティックスイミング),水泳 (アーティスティックスイミング),水泳（アーティスティックスイミング） - SWA03,女子デュエット フリールーティン ／ 表彰式 / メダル,SOLD_OUT,BUY,True,https://generalsale.tickets-aichi-nagoya2026.org/getFilteredProductsJSON.th?eventCategoryFather=3
2026-08-10,competition,339,339,43,SAL03,30,2026-09-27,11:00:00,12:30:00,海陽ヨットハーバー,セーリング,セーリング,セーリング - SAL03,少年男子 二人乗りスキフ / 少年女子 二人乗りスキフ / 成年男女混合 二人乗りディンギー / 少年男女混合 二人乗りディンギー,SOLD_OUT,BUY,True,https://generalsale.tickets-aichi-nagoya2026.org/getFilteredProductsJSON.th?eventCategoryFather=3
2026-08-10,competition,113,113,35,HBL13,51,2026-09-27,12:00:00,21:00:00,エントリオ,ハンドボール,ハンドボール,ハンドボール - HBL13,男子準決勝 （2試合） ／ 女子3位決定戦 ／女子決勝 ／ 表彰式 / メダル,SOLD_OUT,BUY,True,https://generalsale.tickets-aichi-nagoya2026.org/getFilteredProductsJSON.th?eventCategoryFather=3
2026-08-10,competition,177,177,50,TTE13,60,2026-09-27,12:00:00,15:00:00,スカイホール豊田,卓球,卓球,卓球 - TTE13,男子ダブルス準決勝 ／ 女子シングルス準決勝,SOLD_OUT,BUY,True,https://generalsale.tickets-aichi-nagoya2026.org/getFilteredProductsJSON.th?eventCategoryFather=3
2026-08-10,competition,45,45,17,BOX13,52,2026-09-27,12:00:00,15:00:00,西尾市総合体育館,ボクシング,ボクシング,ボクシング - BOX13,イベントスケジュール未定,BUY,BUY,True,https://generalsale.tickets-aichi-nagoya2026.org/getFilteredProductsJSON.th?eventCategoryFather=3
2026-08-10,competition,461,461,48,SQU05,49,2026-09-27,12:00:00,18:00:00,名古屋金城ふ頭アリーナ,スカッシュ,スカッシュ,スカッシュ - SQU05,女子個人戦3、4位決定戦 ／ 男子個人戦3、4位決定戦 ／ 混合ダブルス決勝 ／ 男子個人戦決勝 ／ 女子個人戦決勝 ／ 表彰式 / メダル,SOLD_OUT,BUY,True,https://generalsale.tickets-aichi-nagoya2026.org/getFilteredProductsJSON.th?eventCategoryFather=3
2026-08-10,competition,496,496,12,BBL21,54,2026-09-27,12:00:00,15:00:00,岡崎中央総合公園野球場,野球,野球,野球 - BBL21,3位決定戦 /  メダル,BUY,BUY,True,https://generalsale.tickets-aichi-nagoya2026.org/getFilteredProductsJSON.th?eventCategoryFather=3
2026-08-10,competition,230,230,57,WLF10,47,2026-09-27,13:30:00,19:20:00,名古屋市中小企業振興会館,ウエイトリフティング,ウエイトリフティング,ウエイトリフティング - WLF10,女子69kg級 グループA／表彰式 ／ 女子77kg級 グループA／表彰式 / メダル,BUY,BUY,True,https://generalsale.tickets-aichi-nagoya2026.org/getFilteredProductsJSON.th?eventCategoryFather=3
2026-08-10,competition,340,340,43,SAL04,30,2026-09-27,13:30:00,15:00:00,海陽ヨットハーバー,セーリング,セーリング,セーリング - SAL04,成年男子 二人乗りスキフ / 成年女子 二人乗りスキフ,SOLD_OUT,BUY,True,https://generalsale.tickets-aichi-nagoya2026.org/getFilteredProductsJSON.th?eventCategoryFather=3
2026-08-10,competition,516,516,44,SEW14,45,2026-09-27,14:00:00,16:00:00,名古屋市瑞穂公園体育館,セパタクロー,セパタクロー,セパタクロー - SEW14,男子レグ 予選 ／ 女子ダブル 予選,SOLD_OUT,BUY,True,https://generalsale.tickets-aichi-nagoya2026.org/getFilteredProductsJSON.th?eventCategoryFather=3
2026-08-10,competition,265,265,8,WPO07,40,2026-09-27,14:15:00,19:00:00,名古屋市総合体育館［レインボープール］,水泳 (水球),水泳 (水球),水泳（水球） - WPO07,男子予選ステージ（3試合）,BUY,BUY,True,https://generalsale.tickets-aichi-nagoya2026.org/getFilteredProductsJSON.th?eventCategoryFather=3
2026-08-10,competition,78,78,31,FEN12,20,2026-09-27,15:50:00,20:50:00,愛知県国際展示場［Aichi Sky Expo］（ホールF）,フェンシング,フェンシング,フェンシング - FEN12,男子エペ団体 準決勝 ／ 女子サーブル団体 準決勝 ／ 男子エペ団体 決勝 ／ 女子サーブル団体 決勝 ／ 表彰式 / メダル,SOLD_OUT,BUY,True,https://generalsale.tickets-aichi-nagoya2026.org/getFilteredProductsJSON.th?eventCategoryFather=3
2026-08-10,competition,96,96,81,GTR02,70,2026-09-27,16:00:00,21:45:00,名古屋市総合体育館［レインボーホール］,体操 (トランポリン),体操 (トランポリン),体操（トランポリン） - GTR02,女子 予選 ／ 決勝 ／ 表彰式 / メダル,BUY,BUY,True,https://generalsale.tickets-aichi-nagoya2026.org/getFilteredProductsJSON.th?eventCategoryFather=3
2026-08-10,competition,276,276,5,SWA04,13,2026-09-27,17:00:00,18:30:00,古橋廣之進記念浜松市総合水泳場［ToBiO］,水泳 (アーティスティックスイミング),水泳 (アーティスティックスイミング),水泳（アーティスティックスイミング） - SWA04,混合チーム テクニカルルーティン,SOLD_OUT,BUY,True,https://generalsale.tickets-aichi-nagoya2026.org/getFilteredProductsJSON.th?eventCategoryFather=3
2026-08-10,competition,46,46,17,BOX14,52,2026-09-27,17:00:00,20:00:00,西尾市総合体育館,ボクシング,ボクシング,ボクシング - BOX14,イベントスケジュール未定,BUY,BUY,True,https://generalsale.tickets-aichi-nagoya2026.org/getFilteredProductsJSON.th?eventCategoryFather=3
2026-08-10,competition,291,291,10,ATH06,44,2026-09-27,18:00:00,22:30:00,名古屋市瑞穂公園陸上競技場,陸上競技（トラック/フィールド） ,陸上競技（トラック/フィールド） ,陸上競技（トラック/フィールド） - ATH06,メダル,LIMITED,BUY,True,https://generalsale.tickets-aichi-nagoya2026.org/getFilteredProductsJSON.th?eventCategoryFather=3
2026-08-10,competition,497,497,12,BBL22,65,2026-09-27,18:30:00,21:30:00,豊橋市民球場,野球,野球,野球 - BBL22,決勝 / 表彰式 / メダル,LIMITED,BUY,True,https://generalsale.tickets-aichi-nagoya2026.org/getFilteredProductsJSON.th?eventCategoryFather=3
2026-08-10,competition,178,178,50,TTE14,60,2026-09-27,19:00:00,21:30:00,スカイホール豊田,卓球,卓球,卓球 - TTE14,男子ダブルス決勝、表彰式 ／ 女子シングルス決勝、表彰式 / メダル,SOLD_OUT,BUY,True,https://generalsale.tickets-aichi-nagoya2026.org/getFilteredProductsJSON.th?eventCategoryFather=3
2026-08-10,competition,124,124,36,HOC10,25,2026-09-28,09:00:00,20:30:00,岐阜県グリーンスタジアム,ホッケー,ホッケー,ホッケー - HOC10,男子予選ラウンド（6試合）,BUY,BUY,True,https://generalsale.tickets-aichi-nagoya2026.org/getFilteredProductsJSON.th?eventCategoryFather=3
2026-08-10,competition,160,160,45,SHO09,15,2026-09-28,09:00:00,16:00:00,愛知県総合射撃場,射撃,射撃,射撃 - SHO09,女子25mピストル速射ステージ／女子25mピストル決勝／女子25mピストル表彰式／女子トラップ本選２日目／男子トラップ本選２日目 / メダル,SOLD_OUT,BUY,True,https://generalsale.tickets-aichi-nagoya2026.org/getFilteredProductsJSON.th?eventCategoryFather=3
2026-08-10,competition,215,215,56,VBV09,26,2026-09-28,09:00:00,16:00:00,碧南緑地ビーチコート,ビーチバレーボール,ビーチバレーボール,ビーチバレー - VBV09,男子または女子ラウンドオブ16（6試合）,BUY,BUY,True,https://generalsale.tickets-aichi-nagoya2026.org/getFilteredProductsJSON.th?eventCategoryFather=3
2026-08-10,competition,434,434,13,SBL03,22,2026-09-28,09:00:00,17:15:00,安城市総合運動公園ソフトボール場,ソフトボール,ソフトボール,ソフトボール - SBL03,予選ラウンド,BUY,BUY,True,https://generalsale.tickets-aichi-nagoya2026.org/getFilteredProductsJSON.th?eventCategoryFather=3
2026-08-10,competition,452,452,30,ELS08,19,2026-09-28,09:00:00,20:00:00,愛知県国際展示場［Aichi Sky Expo］（ホールD）,Eスポーツ,Eスポーツ,Eスポーツ - ELS08,オナー・オブ・キングス／ Elimination stage / メダル,SOLD_OUT,BUY,True,https://generalsale.tickets-aichi-nagoya2026.org/getFilteredProductsJSON.th?eventCategoryFather=3
2026-08-10,competition,462,462,48,SQU06,49,2026-09-28,09:00:00,21:00:00,名古屋金城ふ頭アリーナ,スカッシュ,スカッシュ,スカッシュ - SQU06,女子団体戦プールマッチ ／ 男子団体戦プールマッチ,BUY,BUY,True,https://generalsale.tickets-aichi-nagoya2026.org/getFilteredProductsJSON.th?eventCategoryFather=3
2026-08-10,competition,485,485,23,CKT15,34,2026-09-28,09:00:00,12:00:00,愛知県口論義運動公園,クリケット（T20）,クリケット（T20）,クリケット (T20) - CKT15,男子準々決勝,BUY,BUY,True,https://generalsale.tickets-aichi-nagoya2026.org/getFilteredProductsJSON.th?eventCategoryFather=3
2026-08-10,competition,517,517,44,SEW15,45,2026-09-28,09:00:00,11:00:00,名古屋市瑞穂公園体育館,セパタクロー,セパタクロー,セパタクロー - SEW15,男子レグ 予選／ 女子ダブル 予選,SOLD_OUT,BUY,True,https://generalsale.tickets-aichi-nagoya2026.org/getFilteredProductsJSON.th?eventCategoryFather=3
2026-08-10,competition,372,372,21,KUR02,16,2026-09-28,09:30:00,17:30:00,愛知県武道館,コンバットスポーツ (クラッシュ),コンバットスポーツ (クラッシュ),コンバットスポーツ（クラッシュ） - KUR02,女子予選ラウンド（－78㎏） ／ 男子予選ラウンド（－81㎏） ／ 女子決勝ラウンド（－78㎏） ／ 男子決勝ラウンド（－81㎏） / メダル,BUY,BUY,True,https://generalsale.tickets-aichi-nagoya2026.org/getFilteredProductsJSON.th?eventCategoryFather=3
2026-08-10,competition,56,56,26,BMX01,50,2026-09-28,09:30:00,14:15:00,名古屋競輪場 BMXレースコース,自転車競技 (BMXレーシング),自転車競技 (BMXレーシング),自転車競技（BMXレーシング） - BMX01,女子/男子 レース 予選／ 決勝 ／ 表彰式 / メダル,SOLD_OUT,BUY,True,https://generalsale.tickets-aichi-nagoya2026.org/getFilteredProductsJSON.th?eventCategoryFather=3
2026-08-10,competition,6,6,11,BDM09,27,2026-09-28,09:30:00,20:30:00,一宮市総合体育館,バドミントン,バドミントン,バドミントン - BDM09,女子シングルス 準決勝 ／ 男子シングルス 準決勝 ／ 男子ダブルス 準決勝 ／ 混合ダブルス 準決勝 ／ 女子ダブルス 準決勝,SOLD_OUT,BUY,True,https://generalsale.tickets-aichi-nagoya2026.org/getFilteredProductsJSON.th?eventCategoryFather=3
2026-08-10,competition,198,198,55,VVO15,55,2026-09-28,10:00:00,21:20:00,岡崎中央総合公園総合体育館,バレーボール,バレーボール,バレーボール - VVO15,男子ファーストラウンド（4試合）,LIMITED,BUY,True,https://generalsale.tickets-aichi-nagoya2026.org/getFilteredProductsJSON.th?eventCategoryFather=3
2026-08-10,competition,199,199,55,VVO16,57,2026-09-28,10:00:00,21:00:00,小牧市スポーツ公園総合体育館,バレーボール,バレーボール,バレーボール - VVO16,男子ファーストラウンド（4試合）,LIMITED,BUY,True,https://generalsale.tickets-aichi-nagoya2026.org/getFilteredProductsJSON.th?eventCategoryFather=3
2026-08-10,competition,231,231,57,WLF11,47,2026-09-28,10:00:00,12:00:00,名古屋市中小企業振興会館,ウエイトリフティング,ウエイトリフティング,ウエイトリフティング - WLF11,男子85kg級 グループB ／ 男子95kg級 グループB,LIMITED,BUY,True,https://generalsale.tickets-aichi-nagoya2026.org/getFilteredProductsJSON.th?eventCategoryFather=3
2026-08-10,competition,257,257,6,DIV03,62,2026-09-28,10:00:00,15:00:00,東京アクアティクスセンター,水泳 (飛込),水泳 (飛込),水泳（飛込） - DIV03,女子1ｍ飛板飛込 ／ 男子1ｍ飛板飛込 / メダル,BUY,BUY,True,https://generalsale.tickets-aichi-nagoya2026.org/getFilteredProductsJSON.th?eventCategoryFather=3
2026-08-10,competition,346,346,51,TEN02,41,2026-09-28,10:00:00,21:00:00,名古屋市東山公園テニスセンター,テニス,テニス,テニス - TEN02,男子シングルス２回戦 ／ 男子ダブルス2回戦 ／ 女子シングルス２回戦 ／ 女子ダブルス２回戦 ／ 男女混合ダブルス１回戦,LIMITED,BUY,True,https://generalsale.tickets-aichi-nagoya2026.org/getFilteredProductsJSON.th?eventCategoryFather=3
2026-08-10,competition,277,277,5,SWA05,13,2026-09-28,11:00:00,13:30:00,古橋廣之進記念浜松市総合水泳場［ToBiO］,水泳 (アーティスティックスイミング),水泳 (アーティスティックスイミング),水泳（アーティスティックスイミング） - SWA05,混合チーム フリールーティン ／ 表彰式 / メダル,SOLD_OUT,BUY,True,https://generalsale.tickets-aichi-nagoya2026.org/getFilteredProductsJSON.th?eventCategoryFather=3
2026-08-10,competition,341,341,43,SAL05,30,2026-09-28,11:00:00,12:30:00,海陽ヨットハーバー,セーリング,セーリング,セーリング - SAL05,成年男女混合 二人乗りディンギー,SOLD_OUT,BUY,True,https://generalsale.tickets-aichi-nagoya2026.org/getFilteredProductsJSON.th?eventCategoryFather=3
2026-08-10,competition,179,179,50,TTE15,60,2026-09-28,12:00:00,15:00:00,スカイホール豊田,卓球,卓球,卓球 - TTE15,男子シングルス準決勝 ／ 女子ダブルス準決勝,SOLD_OUT,BUY,True,https://generalsale.tickets-aichi-nagoya2026.org/getFilteredProductsJSON.th?eventCategoryFather=3
2026-08-10,competition,47,47,17,BOX15,52,2026-09-28,12:00:00,14:30:00,西尾市総合体育館,ボクシング,ボクシング,ボクシング - BOX15,イベントスケジュール未定,BUY,BUY,True,https://generalsale.tickets-aichi-nagoya2026.org/getFilteredProductsJSON.th?eventCategoryFather=3
2026-08-10,competition,232,232,57,WLF12,47,2026-09-28,13:30:00,19:20:00,名古屋市中小企業振興会館,ウエイトリフティング,ウエイトリフティング,ウエイトリフティング - WLF12,男子85kg級 グループA／表彰式 ／ 男子95kg級 グループA／表彰式 / メダル,BUY,BUY,True,https://generalsale.tickets-aichi-nagoya2026.org/getFilteredProductsJSON.th?eventCategoryFather=3
2026-08-10,competition,342,342,43,SAL06,30,2026-09-28,13:30:00,15:00:00,海陽ヨットハーバー,セーリング,セーリング,セーリング - SAL06,少年男女混合 二人乗りディンギー,SOLD_OUT,BUY,True,https://generalsale.tickets-aichi-nagoya2026.org/getFilteredProductsJSON.th?eventCategoryFather=3
2026-08-10,competition,486,486,23,CKT16,34,2026-09-28,14:00:00,17:00:00,愛知県口論義運動公園,クリケット（T20）,クリケット（T20）,クリケット (T20) - CKT16,男子準々決勝,BUY,BUY,True,https://generalsale.tickets-aichi-nagoya2026.org/getFilteredProductsJSON.th?eventCategoryFather=3
2026-08-10,competition,518,518,44,SEW16,45,2026-09-28,14:00:00,16:00:00,名古屋市瑞穂公園体育館,セパタクロー,セパタクロー,セパタクロー - SEW16,男子レグ 準決勝 ／ 女子ダブル 準決勝,SOLD_OUT,BUY,True,https://generalsale.tickets-aichi-nagoya2026.org/getFilteredProductsJSON.th?eventCategoryFather=3
2026-08-10,competition,266,266,8,WPO08,40,2026-09-28,15:50:00,20:35:00,名古屋市総合体育館［レインボープール］,水泳 (水球),水泳 (水球),水泳（水球） - WPO08,男子予選ステージ（3試合）,BUY,BUY,True,https://generalsale.tickets-aichi-nagoya2026.org/getFilteredProductsJSON.th?eventCategoryFather=3
2026-08-10,competition,48,48,17,BOX16,52,2026-09-28,17:00:00,19:30:00,西尾市総合体育館,ボクシング,ボクシング,ボクシング - BOX16,イベントスケジュール未定,BUY,BUY,True,https://generalsale.tickets-aichi-nagoya2026.org/getFilteredProductsJSON.th?eventCategoryFather=3
2026-08-10,competition,292,292,10,ATH07,44,2026-09-28,18:00:00,22:30:00,名古屋市瑞穂公園陸上競技場,陸上競技（トラック/フィールド） ,陸上競技（トラック/フィールド） ,陸上競技（トラック/フィールド） - ATH07,メダル,LIMITED,BUY,True,https://generalsale.tickets-aichi-nagoya2026.org/getFilteredProductsJSON.th?eventCategoryFather=3
2026-08-10,competition,180,180,50,TTE16,60,2026-09-28,19:00:00,21:30:00,スカイホール豊田,卓球,卓球,卓球 - TTE16,男子シングルス決勝、表彰式 ／ 女子ダブルス決勝、表彰式 / メダル,SOLD_OUT,BUY,True,https://generalsale.tickets-aichi-nagoya2026.org/getFilteredProductsJSON.th?eventCategoryFather=3
2026-08-10,competition,161,161,45,SHO10,15,2026-09-29,09:00:00,17:40:00,愛知県総合射撃場,射撃,射撃,射撃 - SHO10,女子トラップ本選３日目／男子トラップ本選３日目／女子トラップ決勝／男子トラップ決勝／女子トラップ表彰式／男子トラップ表彰式 / メダル,SOLD_OUT,BUY,True,https://generalsale.tickets-aichi-nagoya2026.org/getFilteredProductsJSON.th?eventCategoryFather=3
2026-08-10,competition,216,216,56,VBV10,26,2026-09-29,09:00:00,16:00:00,碧南緑地ビーチコート,ビーチバレーボール,ビーチバレーボール,ビーチバレー - VBV10,男子または女子ラウンドオブ16（6試合）,LIMITED,BUY,True,https://generalsale.tickets-aichi-nagoya2026.org/getFilteredProductsJSON.th?eventCategoryFather=3
2026-08-10,competition,435,435,13,SBL04,22,2026-09-29,09:00:00,17:15:00,安城市総合運動公園ソフトボール場,ソフトボール,ソフトボール,ソフトボール - SBL04,予選ラウンド,BUY,BUY,True,https://generalsale.tickets-aichi-nagoya2026.org/getFilteredProductsJSON.th?eventCategoryFather=3
2026-08-10,competition,453,453,30,ELS09,19,2026-09-29,09:00:00,20:00:00,愛知県国際展示場［Aichi Sky Expo］（ホールD）,Eスポーツ,Eスポーツ,Eスポーツ - ELS09,PUBG MOBILE -Asian Games Version- Final stage / メダル,LIMITED,BUY,True,https://generalsale.tickets-aichi-nagoya2026.org/getFilteredProductsJSON.th?eventCategoryFather=3
2026-08-10,competition,487,487,23,CKT17,34,2026-09-29,09:00:00,12:00:00,愛知県口論義運動公園,クリケット（T20）,クリケット（T20）,クリケット (T20) - CKT17,男子準々決勝,BUY,BUY,True,https://generalsale.tickets-aichi-nagoya2026.org/getFilteredProductsJSON.th?eventCategoryFather=3
2026-08-10,competition,519,519,44,SEW17,45,2026-09-29,09:00:00,13:00:00,名古屋市瑞穂公園体育館,セパタクロー,セパタクロー,セパタクロー - SEW17,男子レグ 決勝／ 女子ダブル 決勝／男子レグ、女子ダブル表彰式 / メダル,SOLD_OUT,BUY,True,https://generalsale.tickets-aichi-nagoya2026.org/getFilteredProductsJSON.th?eventCategoryFather=3
2026-08-10,competition,233,233,57,WLF13,47,2026-09-29,09:30:00,14:50:00,名古屋市中小企業振興会館,ウエイトリフティング,ウエイトリフティング,ウエイトリフティング - WLF13,女子86kg級 グループA／表彰式 ／ 男子110kg級 グループA／表彰式 / メダル,SOLD_OUT,BUY,True,https://generalsale.tickets-aichi-nagoya2026.org/getFilteredProductsJSON.th?eventCategoryFather=3
2026-08-10,competition,373,373,21,KUR03,16,2026-09-29,09:30:00,17:30:00,愛知県武道館,コンバットスポーツ (クラッシュ),コンバットスポーツ (クラッシュ),コンバットスポーツ（クラッシュ） - KUR03,女子予選ラウンド（＋87㎏） ／ 男子予選ラウンド（ー66㎏） ／ 女子決勝ラウンド（＋87㎏） ／ 男子決勝ラウンド（ー66㎏） / メダル,BUY,BUY,True,https://generalsale.tickets-aichi-nagoya2026.org/getFilteredProductsJSON.th?eventCategoryFather=3
2026-08-10,competition,200,200,55,VVO17,55,2026-09-29,10:00:00,21:20:00,岡崎中央総合公園総合体育館,バレーボール,バレーボール,バレーボール - VVO17,男子ファーストラウンド（4試合）,LIMITED,BUY,True,https://generalsale.tickets-aichi-nagoya2026.org/getFilteredProductsJSON.th?eventCategoryFather=3
2026-08-10,competition,201,201,55,VVO18,57,2026-09-29,10:00:00,21:00:00,小牧市スポーツ公園総合体育館,バレーボール,バレーボール,バレーボール - VVO18,男子ファーストラウンド（4試合）,LIMITED,BUY,True,https://generalsale.tickets-aichi-nagoya2026.org/getFilteredProductsJSON.th?eventCategoryFather=3
2026-08-10,competition,258,258,6,DIV04,62,2026-09-29,10:00:00,18:00:00,東京アクアティクスセンター,水泳 (飛込),水泳 (飛込),水泳（飛込） - DIV04,女子高飛込 ／ 男子3m飛板飛込 / メダル,BUY,BUY,True,https://generalsale.tickets-aichi-nagoya2026.org/getFilteredProductsJSON.th?eventCategoryFather=3
2026-08-10,competition,347,347,51,TEN03,41,2026-09-29,10:00:00,21:00:00,名古屋市東山公園テニスセンター,テニス,テニス,テニス - TEN03,男子シングルス２回戦 ／ 男子ダブルス３回戦 ／ 女子シングルス３回戦 ／ 女子ダブルス２回戦 ／ 男女混合ダブルス２回戦,LIMITED,BUY,True,https://generalsale.tickets-aichi-nagoya2026.org/getFilteredProductsJSON.th?eventCategoryFather=3
2026-08-10,competition,364,364,47,CLB01,48,2026-09-29,10:00:00,13:15:00,名古屋市国際展示場［ポートメッセなごや］第1展示館,スポーツクライミング,スポーツクライミング,スポーツクライミング - CLB01,男子ボルダー 準決勝 ／ 女子スピード４ 予選,LIMITED,BUY,True,https://generalsale.tickets-aichi-nagoya2026.org/getFilteredProductsJSON.th?eventCategoryFather=3
2026-08-10,competition,463,463,48,SQU07,49,2026-09-29,10:00:00,18:00:00,名古屋金城ふ頭アリーナ,スカッシュ,スカッシュ,スカッシュ - SQU07,女子団体戦プールマッチ ／ 男子団体戦プールマッチ,BUY,BUY,True,https://generalsale.tickets-aichi-nagoya2026.org/getFilteredProductsJSON.th?eventCategoryFather=3
2026-08-10,competition,52,52,24,CTR01,28,2026-09-29,10:00:00,17:00:00,伊豆ベロドローム,自転車競技 (トラックレース),自転車競技 (トラックレース),自転車競技（トラックレース） - CTR01,女子チームスプリント 予選/男子チームスプリント 予選/女子チームパーシュート 予選/男子チームパーシュート 予選/女子チームスプリント 第1ラウンド/男子チームスプリント 第1ラウンド/女子チームパーシュート 第1ラウンド/男子チームパーシュート 第1ラウンド/女子チームスプリント 決勝/男子チームスプリント 決勝/女子チームスプリント 表彰式/男子チームスプリント 表彰式 / メダル,BUY,BUY,True,https://generalsale.tickets-aichi-nagoya2026.org/getFilteredProductsJSON.th?eventCategoryFather=3
2026-08-10,competition,304,304,19,CSL01,68,2026-09-29,10:30:00,13:20:00,矢作川カヌースラロームコース,カヌー・カヤック (スラローム),カヌー・カヤック (スラローム),カヌー・カヤック（スラローム） - CSL01,男子カヤックシングル 予選 ／ 女子カナディアンシングル 予選 ／ 男子カナディアンシングル 予選 ／ 女子カヤックシングル 予選,BUY,BUY,True,https://generalsale.tickets-aichi-nagoya2026.org/getFilteredProductsJSON.th?eventCategoryFather=3
2026-08-10,competition,343,343,43,SAL07,30,2026-09-29,11:00:00,12:30:00,海陽ヨットハーバー,セーリング,セーリング,セーリング - SAL07,少年男子 ウィンドサーフィン / 少年女子 ウィンドサーフィン / 少年男女混合 二人乗りディンギー,SOLD_OUT,BUY,True,https://generalsale.tickets-aichi-nagoya2026.org/getFilteredProductsJSON.th?eventCategoryFather=3
2026-08-10,competition,7,7,11,BDM10,27,2026-09-29,11:00:00,19:00:00,一宮市総合体育館,バドミントン,バドミントン,バドミントン - BDM10,女子シングルス 決勝 ／ 表彰式 ／ 男子シングルス 決勝 ／ 表彰式 ／ 男子ダブルス 決勝 ／ 表彰式 ／ 混合ダブルス 決勝 ／ 表彰式 ／ 女子ダブルス 決勝 ／ 表彰式 / メダル,SOLD_OUT,BUY,True,https://generalsale.tickets-aichi-nagoya2026.org/getFilteredProductsJSON.th?eventCategoryFather=3
2026-08-10,competition,49,49,17,BOX17,52,2026-09-29,13:00:00,16:00:00,西尾市総合体育館,ボクシング,ボクシング,ボクシング - BOX17,イベントスケジュール未定,BUY,BUY,True,https://generalsale.tickets-aichi-nagoya2026.org/getFilteredProductsJSON.th?eventCategoryFather=3
2026-08-10,competition,344,344,43,SAL08,30,2026-09-29,13:30:00,15:00:00,海陽ヨットハーバー,セーリング,セーリング,セーリング - SAL08,成年男子 ウィンドサーフィン / 成年女子 ウィンドサーフィン,SOLD_OUT,BUY,True,https://generalsale.tickets-aichi-nagoya2026.org/getFilteredProductsJSON.th?eventCategoryFather=3
2026-08-10,competition,488,488,23,CKT18,34,2026-09-29,14:00:00,17:00:00,愛知県口論義運動公園,クリケット（T20）,クリケット（T20）,クリケット (T20) - CKT18,男子準々決勝,BUY,BUY,True,https://generalsale.tickets-aichi-nagoya2026.org/getFilteredProductsJSON.th?eventCategoryFather=3
2026-08-10,competition,267,267,8,WPO09,40,2026-09-29,14:15:00,20:35:00,名古屋市総合体育館［レインボープール］,水泳 (水球),水泳 (水球),水泳（水球） - WPO09,男子予選ステージ（4試合）,BUY,BUY,True,https://generalsale.tickets-aichi-nagoya2026.org/getFilteredProductsJSON.th?eventCategoryFather=3
2026-08-10,competition,83,83,32,FBL29,59,2026-09-29,15:00:00,21:30:00,小笠山総合運動公園エコパスタジアム,サッカー,サッカー,サッカー - FBL29,女子準決勝（2試合）,BUY,BUY,True,https://generalsale.tickets-aichi-nagoya2026.org/getFilteredProductsJSON.th?eventCategoryFather=3
2026-08-10,competition,234,234,57,WLF14,47,2026-09-29,16:20:00,21:20:00,名古屋市中小企業振興会館,ウエイトリフティング,ウエイトリフティング,ウエイトリフティング - WLF14,女子＋86kg級 グループA ／表彰式／ 男子＋110kg級 グループA／表彰式 / メダル,BUY,BUY,True,https://generalsale.tickets-aichi-nagoya2026.org/getFilteredProductsJSON.th?eventCategoryFather=3
2026-08-10,competition,114,114,35,HBL14,51,2026-09-29,17:00:00,21:00:00,エントリオ,ハンドボール,ハンドボール,ハンドボール - HBL14,男子3位決定戦 ／ 男子決勝／ 表彰式 / メダル,SOLD_OUT,BUY,True,https://generalsale.tickets-aichi-nagoya2026.org/getFilteredProductsJSON.th?eventCategoryFather=3
2026-08-10,competition,293,293,10,ATH08,44,2026-09-29,17:15:00,22:30:00,名古屋市瑞穂公園陸上競技場,陸上競技（トラック/フィールド） ,陸上競技（トラック/フィールド） ,陸上競技（トラック/フィールド） - ATH08,メダル,LIMITED,BUY,True,https://generalsale.tickets-aichi-nagoya2026.org/getFilteredProductsJSON.th?eventCategoryFather=3
2026-08-10,competition,333,333,33,GLF01,32,2026-09-30,06:30:00,17:30:00,春日井カントリークラブ東コース,ゴルフ,ゴルフ,ゴルフ - GLF01,男子＆女子 第1ラウンド（個人戦・団体戦）,SOLD_OUT,BUY,True,https://generalsale.tickets-aichi-nagoya2026.org/getFilteredProductsJSON.th?eventCategoryFather=3
2026-08-10,competition,125,125,36,HOC11,25,2026-09-30,09:00:00,21:00:00,岐阜県グリーンスタジアム,ホッケー,ホッケー,ホッケー - HOC11,女子11位-12位決定戦（1試合） ／ 女子5位-8位予備戦（2試合） ／ 女子準決勝（2試合）,BUY,BUY,True,https://generalsale.tickets-aichi-nagoya2026.org/getFilteredProductsJSON.th?eventCategoryFather=3
2026-08-10,competition,162,162,45,SHO11,15,2026-09-30,09:00:00,17:10:00,愛知県総合射撃場,射撃,射撃,射撃 - SHO11,男子25mラピッドファイアピストル本選前半／トラップミックス本選／トラップミックス決勝／トラップミックス表彰式 / メダル,SOLD_OUT,BUY,True,https://generalsale.tickets-aichi-nagoya2026.org/getFilteredProductsJSON.th?eventCategoryFather=3
2026-08-10,competition,217,217,56,VBV11,26,2026-09-30,09:00:00,16:00:00,碧南緑地ビーチコート,ビーチバレーボール,ビーチバレーボール,ビーチバレー - VBV11,男子または女子準々決勝（6試合）,BUY,BUY,True,https://generalsale.tickets-aichi-nagoya2026.org/getFilteredProductsJSON.th?eventCategoryFather=3
2026-08-10,competition,282,282,9,TAR05,56,2026-09-30,09:00:00,15:55:00,岡崎中央総合公園多目的広場,アーチェリー,アーチェリー,アーチェリー - TAR05,決勝会場  1/2-コンパウンド女子団体 ／ 3位決定：コンパウンド女子団体 ／ 決勝：コンパウンド女子団体 ／ 表彰式 ／ 1/2 -コンパウンドミックス団体 ／ 3位決定：コンパウンドミックス団体 ／ 決勝：コンパウンドミックス団体 ／ 表彰式 ／ 1/2-コンパウンド男子団体 ／ 3位決定：コンパウンド男子団体 ／ 決勝：コンパウンド男子団体 ／ 表彰式 / メダル,BUY,BUY,True,https://generalsale.tickets-aichi-nagoya2026.org/getFilteredProductsJSON.th?eventCategoryFather=3
2026-08-10,competition,436,436,13,SBL05,22,2026-09-30,09:00:00,17:15:00,安城市総合運動公園ソフトボール場,ソフトボール,ソフトボール,ソフトボール - SBL05,予選ラウンド,BUY,BUY,True,https://generalsale.tickets-aichi-nagoya2026.org/getFilteredProductsJSON.th?eventCategoryFather=3
2026-08-10,competition,454,454,30,ELS10,19,2026-09-30,09:00:00,20:00:00,愛知県国際展示場［Aichi Sky Expo］（ホールD）,Eスポーツ,Eスポーツ,Eスポーツ - ELS10,Identity V 第五人格 -Asian Games Version- Elimination stage,SOLD_OUT,BUY,True,https://generalsale.tickets-aichi-nagoya2026.org/getFilteredProductsJSON.th?eventCategoryFather=3
2026-08-10,competition,520,520,44,SEW18,45,2026-09-30,09:00:00,11:00:00,名古屋市瑞穂公園体育館,セパタクロー,セパタクロー,セパタクロー - SEW18,男子クワッド 予選 ／ 女子クワッド 予選,SOLD_OUT,BUY,True,https://generalsale.tickets-aichi-nagoya2026.org/getFilteredProductsJSON.th?eventCategoryFather=3
2026-08-10,competition,259,259,6,DIV05,62,2026-09-30,10:00:00,18:00:00,東京アクアティクスセンター,水泳 (飛込),水泳 (飛込),水泳（飛込） - DIV05,女子3m飛板飛込 ／ 男子高飛込 / メダル,BUY,BUY,True,https://generalsale.tickets-aichi-nagoya2026.org/getFilteredProductsJSON.th?eventCategoryFather=3
2026-08-10,competition,348,348,51,TEN04,41,2026-09-30,10:00:00,21:00:00,名古屋市東山公園テニスセンター,テニス,テニス,テニス - TEN04,男子シングルス３回戦 ／ 男子ダブルス準々決勝 ／ 女子シングルス準々決勝 ／ 女子ダブルス３回戦 ／ 男女混合ダブルス３回戦,BUY,BUY,True,https://generalsale.tickets-aichi-nagoya2026.org/getFilteredProductsJSON.th?eventCategoryFather=3
2026-08-10,competition,365,365,47,CLB02,48,2026-09-30,10:00:00,13:15:00,名古屋市国際展示場［ポートメッセなごや］第1展示館,スポーツクライミング,スポーツクライミング,スポーツクライミング - CLB02,女子ボルダー 準決勝 ／ 男子スピード４ 予選,LIMITED,BUY,True,https://generalsale.tickets-aichi-nagoya2026.org/getFilteredProductsJSON.th?eventCategoryFather=3
2026-08-10,competition,464,464,48,SQU08,49,2026-09-30,10:00:00,20:00:00,名古屋金城ふ頭アリーナ,スカッシュ,スカッシュ,スカッシュ - SQU08,女子団体戦プールマッチ ／ 男子団体戦準々決勝 ／ 女子団体戦準々決勝,BUY,BUY,True,https://generalsale.tickets-aichi-nagoya2026.org/getFilteredProductsJSON.th?eventCategoryFather=3
2026-08-10,competition,53,53,24,CTR02,28,2026-09-30,10:00:00,17:30:00,伊豆ベロドローム,自転車競技 (トラックレース),自転車競技 (トラックレース),自転車競技（トラックレース） - CTR02,男子スプリント 予選/女子ケイリン 第1ラウンド/男子スプリント 1/16決勝/女子ケイリン 敗者復活戦/男子スプリント 敗者復活戦/女子ケイリン 準決勝/男子スプリント 1/8決勝/女子チームパーシュート 決勝/男子チームパーシュート 決勝/男子スプリント 敗者復活戦/女子ケイリン 決勝/女子チームパーシュート 表彰式/男子チームパーシュート 表彰式/女子ケイリン 表彰式 / メダル,BUY,BUY,True,https://generalsale.tickets-aichi-nagoya2026.org/getFilteredProductsJSON.th?eventCategoryFather=3
2026-08-10,competition,235,235,58,WRE01,42,2026-09-30,10:30:00,14:00:00,名古屋市稲永スポーツセンター,レスリング,レスリング,レスリング - WRE01,＜予選ラウンド＞男子グレコローマン67㎏ ／ 男子グレコローマン87㎏ ／ 男子グレコローマン130㎏ ／ 女子レスリング68㎏,SOLD_OUT,BUY,True,https://generalsale.tickets-aichi-nagoya2026.org/getFilteredProductsJSON.th?eventCategoryFather=3
2026-08-10,competition,305,305,19,CSL02,68,2026-09-30,10:30:00,15:30:00,矢作川カヌースラロームコース,カヌー・カヤック (スラローム),カヌー・カヤック (スラローム),カヌー・カヤック（スラローム） - CSL02,男子カヤックシングル 準決勝 ／ 女子カナディアンシングル 準決勝 ／ 男子カヤックシングル 決勝 ／ 女子カナディアンシングル 決勝 / メダル,BUY,BUY,True,https://generalsale.tickets-aichi-nagoya2026.org/getFilteredProductsJSON.th?eventCategoryFather=3
2026-08-10,competition,129,129,37,JUD01,14,2026-09-30,11:00:00,14:00:00,愛知国際アリーナ,柔道,柔道,柔道 - JUD01,予選・敗者復活戦・準決勝 ／ 女子 -48kg / 女子 -52kg ／ 男子 -60kg / 男子 -66kg,BUY,BUY,True,https://generalsale.tickets-aichi-nagoya2026.org/getFilteredProductsJSON.th?eventCategoryFather=3
2026-08-10,competition,666,666,43,SAL09,30,2026-09-30,11:00:00,12:30:00,海陽ヨットハーバー,セーリング,セーリング,セーリング - SAL09,成年男子ウィンドサーフィン / 成年女子ウィンドサーフィン/ 成年男女混合二人乗りディンギー / 少年男女混合二人乗りディンギー,BUY,BUY,True,https://generalsale.tickets-aichi-nagoya2026.org/getFilteredProductsJSON.th?eventCategoryFather=3
2026-08-10,competition,50,50,17,BOX18,52,2026-09-30,13:00:00,15:30:00,西尾市総合体育館,ボクシング,ボクシング,ボクシング - BOX18,イベントスケジュール未定,BUY,BUY,True,https://generalsale.tickets-aichi-nagoya2026.org/getFilteredProductsJSON.th?eventCategoryFather=3
2026-08-10,competition,667,667,43,SAL10,30,2026-09-30,13:30:00,15:00:00,海陽ヨットハーバー,セーリング,セーリング,セーリング - SAL10,少年男子ウィンドサーフィン / 少年女子ウィンドサーフィン,SOLD_OUT,BUY,True,https://generalsale.tickets-aichi-nagoya2026.org/getFilteredProductsJSON.th?eventCategoryFather=3
2026-08-10,competition,521,521,44,SEW19,45,2026-09-30,14:00:00,16:00:00,名古屋市瑞穂公園体育館,セパタクロー,セパタクロー,セパタクロー - SEW19,男子クワッド 予選 ／ 女子クワッド 予選,LIMITED,BUY,True,https://generalsale.tickets-aichi-nagoya2026.org/getFilteredProductsJSON.th?eventCategoryFather=3
2026-08-10,competition,84,84,32,FBL30,36,2026-09-30,15:00:00,21:30:00,長居陸上競技場,サッカー,サッカー,サッカー - FBL30,男子準決勝（2試合）,BUY,BUY,True,https://generalsale.tickets-aichi-nagoya2026.org/getFilteredProductsJSON.th?eventCategoryFather=3
2026-08-10,competition,268,268,8,WPO10,40,2026-09-30,15:50:00,20:35:00,名古屋市総合体育館［レインボープール］,水泳 (水球),水泳 (水球),水泳（水球） - WPO10,男子予選ステージ（3試合）,BUY,BUY,True,https://generalsale.tickets-aichi-nagoya2026.org/getFilteredProductsJSON.th?eventCategoryFather=3
2026-08-10,competition,130,130,37,JUD02,14,2026-09-30,17:00:00,19:30:00,愛知国際アリーナ,柔道,柔道,柔道 - JUD02,3位決定戦・決勝・表彰式 ／ 女子 -48kg / 女子 -52kg ／ 男子 -60kg / 男子 -66kg / メダル,BUY,BUY,True,https://generalsale.tickets-aichi-nagoya2026.org/getFilteredProductsJSON.th?eventCategoryFather=3
2026-08-10,competition,236,236,58,WRE02,42,2026-09-30,18:00:00,21:00:00,名古屋市稲永スポーツセンター,レスリング,レスリング,レスリング - WRE02,＜決勝ラウンド＞男子グレコローマン67㎏ ／ 男子グレコローマン87㎏ ／ 男子グレコローマン130㎏ ／ 女子レスリング68㎏ / メダル,LIMITED,BUY,True,https://generalsale.tickets-aichi-nagoya2026.org/getFilteredProductsJSON.th?eventCategoryFather=3
2026-08-10,competition,366,366,47,CLB03,48,2026-09-30,18:00:00,21:05:00,名古屋市国際展示場［ポートメッセなごや］第1展示館,スポーツクライミング,スポーツクライミング,スポーツクライミング - CLB03,男子ボルダー 決勝 ／ 女子スピード４ 決勝 / メダル,LIMITED,BUY,True,https://generalsale.tickets-aichi-nagoya2026.org/getFilteredProductsJSON.th?eventCategoryFather=3
2026-08-10,competition,334,334,33,GLF02,32,2026-10-01,06:30:00,17:30:00,春日井カントリークラブ東コース,ゴルフ,ゴルフ,ゴルフ - GLF02,男子＆女子 第2ラウンド（個人戦・団体戦）,SOLD_OUT,BUY,True,https://generalsale.tickets-aichi-nagoya2026.org/getFilteredProductsJSON.th?eventCategoryFather=3
2026-08-10,competition,126,126,36,HOC12,25,2026-10-01,09:00:00,21:00:00,岐阜県グリーンスタジアム,ホッケー,ホッケー,ホッケー - HOC12,男子11位-12位決定戦（1試合） ／男子5位-18位予備戦（2試合） ／ 男子準決勝（2試合）,BUY,BUY,True,https://generalsale.tickets-aichi-nagoya2026.org/getFilteredProductsJSON.th?eventCategoryFather=3
2026-08-10,competition,149,149,42,RU701,46,2026-10-01,09:00:00,19:15:00,名古屋市瑞穂公園ラグビー場,ラグビー（ラグビー7s）,ラグビー（ラグビー7s）,ラグビー（ラグビー7s） - RU701,男子予選ラウンド （12試合） ／ 女子予選ラウンド （8試合）,BUY,BUY,True,https://generalsale.tickets-aichi-nagoya2026.org/getFilteredProductsJSON.th?eventCategoryFather=3
2026-08-10,competition,181,181,53,TKW01,64,2026-10-01,09:00:00,18:55:00,豊橋市総合体育館,テコンドー,テコンドー,テコンドー - TKW01,プムセ ／ 男子個人 ／ 女子個人 ／ 準決勝、決勝、表彰式 / メダル,BUY,BUY,True,https://generalsale.tickets-aichi-nagoya2026.org/getFilteredProductsJSON.th?eventCategoryFather=3
2026-08-10,competition,218,218,56,VBV12,26,2026-10-01,09:00:00,16:00:00,碧南緑地ビーチコート,ビーチバレーボール,ビーチバレーボール,ビーチバレー - VBV12,男子または女子準決勝（4試合）,BUY,BUY,True,https://generalsale.tickets-aichi-nagoya2026.org/getFilteredProductsJSON.th?eventCategoryFather=3
2026-08-10,competition,283,283,9,TAR06,56,2026-10-01,09:00:00,15:30:00,岡崎中央総合公園多目的広場,アーチェリー,アーチェリー,アーチェリー - TAR06,決勝会場 1/4-コンパウンド女子個人 ／ 1/2-コンパウンド女子個人 ／ 3位決定：コンパウンド女子個人 ／ 決勝：コンパウンド女子個人 ／ 表彰式 ／ 1/4-コンパウンド男子個人 ／ 1/2-コンパウンド男子個人 ／ 3位決定：コンパウンド男子個人 ／ 決勝：コンパウンド男子個人 ／ 表彰式 / メダル,BUY,BUY,True,https://generalsale.tickets-aichi-nagoya2026.org/getFilteredProductsJSON.th?eventCategoryFather=3
2026-08-10,competition,396,396,20,JJI01,16,2026-10-01,09:00:00,18:30:00,愛知県武道館,コンバットスポーツ (柔術),コンバットスポーツ (柔術),コンバットスポーツ（柔術） - JJI01,"予選・敗者復活戦・準決勝 ／ 三位決定戦・決勝・表彰式 ／ 女子 -48kg ／ 男子 -62kg, -69kg / メダル",BUY,BUY,True,https://generalsale.tickets-aichi-nagoya2026.org/getFilteredProductsJSON.th?eventCategoryFather=3
2026-08-10,competition,437,437,13,SBL06,22,2026-10-01,09:00:00,17:15:00,安城市総合運動公園ソフトボール場,ソフトボール,ソフトボール,ソフトボール - SBL06,予選ラウンド,BUY,BUY,True,https://generalsale.tickets-aichi-nagoya2026.org/getFilteredProductsJSON.th?eventCategoryFather=3
2026-08-10,competition,489,489,23,CKT19,34,2026-10-01,09:00:00,12:00:00,愛知県口論義運動公園,クリケット（T20）,クリケット（T20）,クリケット (T20) - CKT19,男子準決勝,BUY,BUY,True,https://generalsale.tickets-aichi-nagoya2026.org/getFilteredProductsJSON.th?eventCategoryFather=3
2026-08-10,competition,522,522,44,SEW20,45,2026-10-01,09:00:00,11:00:00,名古屋市瑞穂公園体育館,セパタクロー,セパタクロー,セパタクロー - SEW20,男子クワッド 予選 ／ 女子クワッド 予選,SOLD_OUT,BUY,True,https://generalsale.tickets-aichi-nagoya2026.org/getFilteredProductsJSON.th?eventCategoryFather=3
2026-08-10,competition,163,163,45,SHO12,15,2026-10-01,09:30:00,19:15:00,愛知県総合射撃場,射撃,射撃,射撃 - SHO12,男子25mラピッドファイアピストル本選後半／男子25mラピッドファイアピストル決勝／男子25mラピッドファイアピストル表彰式 / メダル,SOLD_OUT,BUY,True,https://generalsale.tickets-aichi-nagoya2026.org/getFilteredProductsJSON.th?eventCategoryFather=3
2026-08-10,competition,64,64,29,EQU07,29,2026-10-01,09:30:00,16:05:00,馬事公苑,馬術,馬術,馬術 - EQU07,障害馬術 団体決勝 第1ラウンド / 障害馬術 団体決勝 第2ラウンド / 障害馬術 団体 表彰式 / メダル,SOLD_OUT,BUY,True,https://generalsale.tickets-aichi-nagoya2026.org/getFilteredProductsJSON.th?eventCategoryFather=3
2026-08-10,competition,202,202,55,VVO19,55,2026-10-01,10:00:00,21:20:00,岡崎中央総合公園総合体育館,バレーボール,バレーボール,バレーボール - VVO19,男子準々決勝（4試合）,LIMITED,BUY,True,https://generalsale.tickets-aichi-nagoya2026.org/getFilteredProductsJSON.th?eventCategoryFather=3
2026-08-10,competition,203,203,55,VVO20,57,2026-10-01,10:00:00,21:00:00,小牧市スポーツ公園総合体育館,バレーボール,バレーボール,バレーボール - VVO20,男子9位-16位決定戦（4試合）,LIMITED,BUY,True,https://generalsale.tickets-aichi-nagoya2026.org/getFilteredProductsJSON.th?eventCategoryFather=3
2026-08-10,competition,349,349,51,TEN05,41,2026-10-01,10:00:00,21:00:00,名古屋市東山公園テニスセンター,テニス,テニス,テニス - TEN05,男子シングルス準々決勝 ／ 男子ダブルス準決勝 ／ 女子シングルス準決勝 ／ 女子ダブルス準々決勝 ／ 男女混合ダブルス準々決勝,LIMITED,BUY,True,https://generalsale.tickets-aichi-nagoya2026.org/getFilteredProductsJSON.th?eventCategoryFather=3
2026-08-10,competition,54,54,24,CTR03,28,2026-10-01,10:00:00,19:30:00,伊豆ベロドローム,自転車競技 (トラックレース),自転車競技 (トラックレース),自転車競技（トラックレース） - CTR03,メダル,BUY,BUY,True,https://generalsale.tickets-aichi-nagoya2026.org/getFilteredProductsJSON.th?eventCategoryFather=3
2026-08-10,competition,97,97,80,GRY01,70,2026-10-01,10:00:00,18:30:00,名古屋市総合体育館［レインボーホール］,体操 (新体操),体操 (新体操),体操（新体操） - GRY01,個人 予選,BUY,BUY,True,https://generalsale.tickets-aichi-nagoya2026.org/getFilteredProductsJSON.th?eventCategoryFather=3
2026-08-10,competition,237,237,58,WRE03,42,2026-10-01,10:30:00,14:00:00,名古屋市稲永スポーツセンター,レスリング,レスリング,レスリング - WRE03,＜予選ラウンド＞男子グレコローマン60㎏ ／ 男子グレコローマン77㎏ ／ 男子グレコローマン97㎏ ／ 女子レスリング62㎏,SOLD_OUT,BUY,True,https://generalsale.tickets-aichi-nagoya2026.org/getFilteredProductsJSON.th?eventCategoryFather=3
2026-08-10,competition,306,306,19,CSL03,68,2026-10-01,10:30:00,15:30:00,矢作川カヌースラロームコース,カヌー・カヤック (スラローム),カヌー・カヤック (スラローム),カヌー・カヤック（スラローム） - CSL03,男子カナディアンシングル 準決勝 ／ 女子カヤックシングル 準決勝 ／ 男子カナディアンシングル 決勝 ／ 女子カヤックシングル 決勝 / メダル,BUY,BUY,True,https://generalsale.tickets-aichi-nagoya2026.org/getFilteredProductsJSON.th?eventCategoryFather=3
2026-08-10,competition,465,465,48,SQU09,49,2026-10-01,10:30:00,20:30:00,名古屋金城ふ頭アリーナ,スカッシュ,スカッシュ,スカッシュ - SQU09,男子団体戦準決勝 ／ 女子団体戦準決勝,BUY,BUY,True,https://generalsale.tickets-aichi-nagoya2026.org/getFilteredProductsJSON.th?eventCategoryFather=3
2026-08-10,competition,131,131,37,JUD03,14,2026-10-01,11:00:00,14:00:00,愛知国際アリーナ,柔道,柔道,柔道 - JUD03,予選・敗者復活戦・準決勝 ／ 女子 -57kg / 女子 -63kg / 女子 -70kg ／ 男子 -73kg / 男子 -81kg,BUY,BUY,True,https://generalsale.tickets-aichi-nagoya2026.org/getFilteredProductsJSON.th?eventCategoryFather=3
2026-08-10,competition,668,668,43,SAL11,30,2026-10-01,11:00:00,12:30:00,海陽ヨットハーバー,セーリング,セーリング,セーリング - SAL11,成年男子ウィンドサーフィン / 成年女子ウィンドサーフィン,SOLD_OUT,BUY,True,https://generalsale.tickets-aichi-nagoya2026.org/getFilteredProductsJSON.th?eventCategoryFather=3
2026-08-10,competition,669,669,43,SAL12,30,2026-10-01,13:30:00,15:00:00,海陽ヨットハーバー,セーリング,セーリング,セーリング - SAL12,成年男子ウィンドサーフィン / 成年女子ウィンドサーフィン,SOLD_OUT,BUY,True,https://generalsale.tickets-aichi-nagoya2026.org/getFilteredProductsJSON.th?eventCategoryFather=3
2026-08-10,competition,455,455,30,ELS11,19,2026-10-01,14:00:00,19:00:00,愛知県国際展示場［Aichi Sky Expo］（ホールD）,Eスポーツ,Eスポーツ,Eスポーツ - ELS11,Mobile Legends: Bang Bang / Elimination stage / メダル,BUY,BUY,True,https://generalsale.tickets-aichi-nagoya2026.org/getFilteredProductsJSON.th?eventCategoryFather=3
2026-08-10,competition,490,490,23,CKT20,34,2026-10-01,14:00:00,17:00:00,愛知県口論義運動公園,クリケット（T20）,クリケット（T20）,クリケット (T20) - CKT20,男子準決勝,BUY,BUY,True,https://generalsale.tickets-aichi-nagoya2026.org/getFilteredProductsJSON.th?eventCategoryFather=3
2026-08-10,competition,523,523,44,SEW21,45,2026-10-01,14:00:00,16:00:00,名古屋市瑞穂公園体育館,セパタクロー,セパタクロー,セパタクロー - SEW21,男子クワッド 予選 ／ 女子クワッド 予選,LIMITED,BUY,True,https://generalsale.tickets-aichi-nagoya2026.org/getFilteredProductsJSON.th?eventCategoryFather=3
2026-08-10,competition,269,269,8,WPO11,40,2026-10-01,14:15:00,20:35:00,名古屋市総合体育館［レインボープール］,水泳 (水球),水泳 (水球),水泳（水球） - WPO11,男子準々決勝（4試合）,SOLD_OUT,BUY,True,https://generalsale.tickets-aichi-nagoya2026.org/getFilteredProductsJSON.th?eventCategoryFather=3
2026-08-10,competition,132,132,37,JUD04,14,2026-10-01,17:00:00,19:30:00,愛知国際アリーナ,柔道,柔道,柔道 - JUD04,3位決定戦・決勝・表彰式 ／ 女子 -57kg / 女子 -63kg / 女子 -70kg ／ 男子 -73kg / 男子 -81kg / メダル,BUY,BUY,True,https://generalsale.tickets-aichi-nagoya2026.org/getFilteredProductsJSON.th?eventCategoryFather=3
2026-08-10,competition,238,238,58,WRE04,42,2026-10-01,18:00:00,21:00:00,名古屋市稲永スポーツセンター,レスリング,レスリング,レスリング - WRE04,＜決勝ラウンド＞男子グレコローマン60㎏ ／ 男子グレコローマン77㎏ ／ 男子グレコローマン97㎏ ／ 女子レスリング62㎏ / メダル,LIMITED,BUY,True,https://generalsale.tickets-aichi-nagoya2026.org/getFilteredProductsJSON.th?eventCategoryFather=3
2026-08-10,competition,367,367,47,CLB04,48,2026-10-01,18:00:00,21:05:00,名古屋市国際展示場［ポートメッセなごや］第1展示館,スポーツクライミング,スポーツクライミング,スポーツクライミング - CLB04,女子ボルダー 決勝 ／ 男子スピード４ 決勝 / メダル,LIMITED,BUY,True,https://generalsale.tickets-aichi-nagoya2026.org/getFilteredProductsJSON.th?eventCategoryFather=3
2026-08-10,competition,335,335,33,GLF03,32,2026-10-02,06:30:00,17:30:00,春日井カントリークラブ東コース,ゴルフ,ゴルフ,ゴルフ - GLF03,男子＆女子 第3ラウンド（個人戦・団体戦）,SOLD_OUT,BUY,True,https://generalsale.tickets-aichi-nagoya2026.org/getFilteredProductsJSON.th?eventCategoryFather=3
2026-08-10,competition,127,127,36,HOC13,25,2026-10-02,09:00:00,21:00:00,岐阜県グリーンスタジアム,ホッケー,ホッケー,ホッケー - HOC13,女子5位-10位決定戦（3試合） ／ 女子3位決定戦 ／ 女子決勝 ／ 表彰式 / メダル,BUY,BUY,True,https://generalsale.tickets-aichi-nagoya2026.org/getFilteredProductsJSON.th?eventCategoryFather=3
2026-08-10,competition,150,150,42,RU702,46,2026-10-02,09:00:00,16:00:00,名古屋市瑞穂公園ラグビー場,ラグビー（ラグビー7s）,ラグビー（ラグビー7s）,ラグビー（ラグビー7s） - RU702,男子9位-12位決定戦 （2試合） ／ 男子準々決勝 （4試合） ／ 女子予選ラウンド （4試合） ／ 男子9位-12位決定戦 （2試合）,BUY,BUY,True,https://generalsale.tickets-aichi-nagoya2026.org/getFilteredProductsJSON.th?eventCategoryFather=3
2026-08-10,competition,182,182,53,TKW02,64,2026-10-02,09:00:00,21:25:00,豊橋市総合体育館,テコンドー,テコンドー,テコンドー - TKW02,バーチャルテコンドー 男女混合個人 ／キョルギ ／ 男子-58kg ／ 男子-80kg ／ 女子-49kg ／ 女子-67kg ／ 予選～決勝、表彰式 / メダル,BUY,BUY,True,https://generalsale.tickets-aichi-nagoya2026.org/getFilteredProductsJSON.th?eventCategoryFather=3
2026-08-10,competition,284,284,9,TAR07,56,2026-10-02,09:00:00,16:00:00,岡崎中央総合公園多目的広場,アーチェリー,アーチェリー,アーチェリー - TAR07,決勝会場  1/2-リカーブ女子団体 ／ 3位決定：リカーブ女子団体 ／ 決勝：リカーブ女子団体 ／ 表彰式 ／ 1/2‐リカーブミックス団体 ／ 3位決定：リカーブミックス団体 ／ 決勝：リカーブミックス団体 ／ 表彰式 ／ 1/2-リカーブ男子団体 ／ 3位決定：リカーブ男子団体 ／ 決勝：リカーブ男子団体 ／ 表彰式 /  メダル,LIMITED,BUY,True,https://generalsale.tickets-aichi-nagoya2026.org/getFilteredProductsJSON.th?eventCategoryFather=3
2026-08-10,competition,397,397,20,JJI02,16,2026-10-02,09:00:00,18:30:00,愛知県武道館,コンバットスポーツ (柔術),コンバットスポーツ (柔術),コンバットスポーツ（柔術） - JJI02,"予選・敗者復活戦・準決勝 ／ 三位決定戦・決勝・表彰式 ／ 女子 -52kg ／ 男子 -77kg, -94kg / メダル",BUY,BUY,True,https://generalsale.tickets-aichi-nagoya2026.org/getFilteredProductsJSON.th?eventCategoryFather=3
2026-08-10,competition,438,438,13,SBL07,22,2026-10-02,09:00:00,17:15:00,安城市総合運動公園ソフトボール場,ソフトボール,ソフトボール,ソフトボール - SBL07,予選ラウンド,BUY,BUY,True,https://generalsale.tickets-aichi-nagoya2026.org/getFilteredProductsJSON.th?eventCategoryFather=3
2026-08-10,competition,524,524,44,SEW22,45,2026-10-02,09:00:00,11:00:00,名古屋市瑞穂公園体育館,セパタクロー,セパタクロー,セパタクロー - SEW22,男子クワッド 予選 ／ 女子クワッド 予選,SOLD_OUT,BUY,True,https://generalsale.tickets-aichi-nagoya2026.org/getFilteredProductsJSON.th?eventCategoryFather=3
2026-08-10,competition,204,204,55,VVO21,55,2026-10-02,10:00:00,21:20:00,岡崎中央総合公園総合体育館,バレーボール,バレーボール,バレーボール - VVO21,男子準決勝（２試合)​ ／ 男子5-8位決定戦（2試合）,LIMITED,BUY,True,https://generalsale.tickets-aichi-nagoya2026.org/getFilteredProductsJSON.th?eventCategoryFather=3
2026-08-10,competition,205,205,55,VVO22,57,2026-10-02,10:00:00,21:00:00,小牧市スポーツ公園総合体育館,バレーボール,バレーボール,バレーボール - VVO22,男子9位-16位決定戦（4試合）,LIMITED,BUY,True,https://generalsale.tickets-aichi-nagoya2026.org/getFilteredProductsJSON.th?eventCategoryFather=3
2026-08-10,competition,350,350,51,TEN06,41,2026-10-02,10:00:00,21:00:00,名古屋市東山公園テニスセンター,テニス,テニス,テニス - TEN06,男子シングルス準決勝 ／ 男子ダブルス決勝 ／ 女子シングルス決勝 ／ 女子ダブルス準決勝 ／ 男女混合ダブルス準決勝／メダル,LIMITED,BUY,True,https://generalsale.tickets-aichi-nagoya2026.org/getFilteredProductsJSON.th?eventCategoryFather=3
2026-08-10,competition,55,55,24,CTR04,28,2026-10-02,10:00:00,18:30:00,伊豆ベロドローム,自転車競技 (トラックレース),自転車競技 (トラックレース),自転車競技（トラックレース） - CTR04,メダル,BUY,BUY,True,https://generalsale.tickets-aichi-nagoya2026.org/getFilteredProductsJSON.th?eventCategoryFather=3
2026-08-10,competition,239,239,58,WRE05,42,2026-10-02,10:30:00,14:00:00,名古屋市稲永スポーツセンター,レスリング,レスリング,レスリング - WRE05,＜予選ラウンド＞男子フリースタイル65㎏ ／ 男子フリースタイル86㎏ ／ 男子フリースタイル125㎏ ／ 女子レスリング50㎏ ／ 女子レスリング76㎏,SOLD_OUT,BUY,True,https://generalsale.tickets-aichi-nagoya2026.org/getFilteredProductsJSON.th?eventCategoryFather=3
2026-08-10,competition,133,133,37,JUD05,14,2026-10-02,11:00:00,14:00:00,愛知国際アリーナ,柔道,柔道,柔道 - JUD05,予選・敗者復活戦・準決勝 ／ 女子 -78kg / 女子 +78kg ／ 男子 -90kg / 男子 -100kg /男子 +100kg,BUY,BUY,True,https://generalsale.tickets-aichi-nagoya2026.org/getFilteredProductsJSON.th?eventCategoryFather=3
2026-08-10,competition,307,307,19,CSL04,68,2026-10-02,11:00:00,16:10:00,矢作川カヌースラロームコース,カヌー・カヤック (スラローム),カヌー・カヤック (スラローム),カヌー・カヤック（スラローム） - CSL04,女子カヤッククロス タイムトライアル ／ 男子カヤッククロス タイムトライアル ／ 女子カヤッククロス 準々決勝 ／ 男子カヤッククロス 準々決勝 ／ 女子カヤッククロス 準決勝 ／ 男子カヤッククロス 準決勝 ／ 女子カヤッククロス 決勝 ／ 男子カヤッククロス 決勝 / メダル,SOLD_OUT,BUY,True,https://generalsale.tickets-aichi-nagoya2026.org/getFilteredProductsJSON.th?eventCategoryFather=3
2026-08-10,competition,670,670,43,SAL13,30,2026-10-02,11:00:00,12:30:00,海陽ヨットハーバー,セーリング,セーリング,セーリング - SAL13,成年男子ウィンドサーフィン / 成年女子ウィンドサーフィン / 成年男女混合二人乗りディンギー / 少年男女混合二人乗りディンギー,SOLD_OUT,BUY,True,https://generalsale.tickets-aichi-nagoya2026.org/getFilteredProductsJSON.th?eventCategoryFather=3
2026-08-10,competition,219,219,56,VBV13,26,2026-10-02,12:00:00,14:30:00,碧南緑地ビーチコート,ビーチバレーボール,ビーチバレーボール,ビーチバレー - VBV13,女子3位決定戦  ／ 女子決勝戦  / 表彰式 / メダル,BUY,BUY,True,https://generalsale.tickets-aichi-nagoya2026.org/getFilteredProductsJSON.th?eventCategoryFather=3
2026-08-10,competition,456,456,30,ELS12,19,2026-10-02,12:00:00,20:00:00,愛知県国際展示場［Aichi Sky Expo］（ホールD）,Eスポーツ,Eスポーツ,Eスポーツ - ELS12,リーグ・オブ・レジェンド ／ Elimination stage / メダル,SOLD_OUT,BUY,True,https://generalsale.tickets-aichi-nagoya2026.org/getFilteredProductsJSON.th?eventCategoryFather=3
2026-08-10,competition,51,51,17,BOX19,52,2026-10-02,13:00:00,15:05:00,西尾市総合体育館,ボクシング,ボクシング,ボクシング - BOX19,イベントスケジュール未定 / メダル,BUY,BUY,True,https://generalsale.tickets-aichi-nagoya2026.org/getFilteredProductsJSON.th?eventCategoryFather=3
2026-08-10,competition,466,466,48,SQU10,49,2026-10-02,13:30:00,19:00:00,名古屋金城ふ頭アリーナ,スカッシュ,スカッシュ,スカッシュ - SQU10,女子団体戦決勝 ／ 男子団体戦決勝 ／ 表彰式 / メダル,BUY,BUY,True,https://generalsale.tickets-aichi-nagoya2026.org/getFilteredProductsJSON.th?eventCategoryFather=3
2026-08-10,competition,671,671,43,SAL14,30,2026-10-02,13:30:00,15:00:00,海陽ヨットハーバー,セーリング,セーリング,セーリング - SAL14,少年男子ウィンドサーフィン / 少年女子ウィンドサーフィン,LIMITED,BUY,True,https://generalsale.tickets-aichi-nagoya2026.org/getFilteredProductsJSON.th?eventCategoryFather=3
2026-08-10,competition,243,243,16,BKG01,20,2026-10-02,14:00:00,18:00:00,愛知県国際展示場［Aichi Sky Expo］（ホールF）,ブレイキン,ブレイキン,ブレイキン - BKG01,男子プレセレクション ／ 女子プレセレクション ／ 男子ラウンド・オブ・16 ／ 女子ラウンド・オブ・16,LIMITED,BUY,True,https://generalsale.tickets-aichi-nagoya2026.org/getFilteredProductsJSON.th?eventCategoryFather=3
2026-08-10,competition,525,525,44,SEW23,45,2026-10-02,14:00:00,16:00:00,名古屋市瑞穂公園体育館,セパタクロー,セパタクロー,セパタクロー - SEW23,男子クワッド 準決勝 ／ 女子クワッド 準決勝,SOLD_OUT,BUY,True,https://generalsale.tickets-aichi-nagoya2026.org/getFilteredProductsJSON.th?eventCategoryFather=3
2026-08-10,competition,657,657,8,WPO12,40,2026-10-02,14:15:00,20:35:00,名古屋市総合体育館［レインボープール］,水泳 (水球),水泳 (水球),水泳（水球） - WPO12,男子5-8位決定戦 （2試合）/ 男子準決勝 （2試合）,BUY,BUY,True,https://generalsale.tickets-aichi-nagoya2026.org/getFilteredProductsJSON.th?eventCategoryFather=3
2026-08-10,competition,85,85,32,FBL31,59,2026-10-02,15:00:00,21:30:00,小笠山総合運動公園エコパスタジアム,サッカー,サッカー,サッカー - FBL31,女子3位決定戦 ／ 女子決勝戦 ／ 表彰式 / メダル,BUY,BUY,True,https://generalsale.tickets-aichi-nagoya2026.org/getFilteredProductsJSON.th?eventCategoryFather=3
2026-08-10,competition,134,134,37,JUD06,14,2026-10-02,17:00:00,19:30:00,愛知国際アリーナ,柔道,柔道,柔道 - JUD06,3位決定戦・決勝・表彰式 ／ 女子 -78kg / 女子 +78kg ／ 男子 -90kg / 男子 -100kg /男子 +100kg / メダル,BUY,BUY,True,https://generalsale.tickets-aichi-nagoya2026.org/getFilteredProductsJSON.th?eventCategoryFather=3
2026-08-10,competition,368,368,47,CLB05,48,2026-10-02,17:00:00,20:00:00,名古屋市国際展示場［ポートメッセなごや］第1展示館,スポーツクライミング,スポーツクライミング,スポーツクライミング - CLB05,女子リード 準決勝 ／ 男子リード 準決勝,LIMITED,BUY,True,https://generalsale.tickets-aichi-nagoya2026.org/getFilteredProductsJSON.th?eventCategoryFather=3
2026-08-10,competition,515,515,17,BOX20,52,2026-10-02,17:30:00,20:00:00,西尾市総合体育館,ボクシング,ボクシング,ボクシング - BOX20,イベントスケジュール未定 / メダル,BUY,BUY,True,https://generalsale.tickets-aichi-nagoya2026.org/getFilteredProductsJSON.th?eventCategoryFather=3
2026-08-10,competition,240,240,58,WRE06,42,2026-10-02,18:00:00,21:00:00,名古屋市稲永スポーツセンター,レスリング,レスリング,レスリング - WRE06,＜決勝ラウンド＞男子フリースタイル65㎏ ／ 男子フリースタイル86㎏ ／ 男子フリースタイル125㎏ ／ 女子レスリング50㎏ ／ 女子レスリング76㎏ / メダル,LIMITED,BUY,True,https://generalsale.tickets-aichi-nagoya2026.org/getFilteredProductsJSON.th?eventCategoryFather=3
2026-08-10,competition,98,98,80,GRY02,70,2026-10-02,18:00:00,20:45:00,名古屋市総合体育館［レインボーホール］,体操 (新体操),体操 (新体操),体操（新体操） - GRY02,団体 予選,BUY,BUY,True,https://generalsale.tickets-aichi-nagoya2026.org/getFilteredProductsJSON.th?eventCategoryFather=3
2026-08-10,competition,336,336,33,GLF04,32,2026-10-03,06:30:00,18:00:00,春日井カントリークラブ東コース,ゴルフ,ゴルフ,ゴルフ - GLF04,男子＆女子 第4ラウンド（個人戦・団体戦）／ 表彰式 / メダル,LIMITED,BUY,True,https://generalsale.tickets-aichi-nagoya2026.org/getFilteredProductsJSON.th?eventCategoryFather=3
2026-08-10,competition,128,128,36,HOC14,25,2026-10-03,09:00:00,21:00:00,岐阜県グリーンスタジアム,ホッケー,ホッケー,ホッケー - HOC14,男子5位-10位決定戦（3試合） ／ 男子3位決定戦 ／ 男子決勝 ／ 表彰式 / メダル,BUY,BUY,True,https://generalsale.tickets-aichi-nagoya2026.org/getFilteredProductsJSON.th?eventCategoryFather=3
2026-08-10,competition,151,151,42,RU703,46,2026-10-03,09:00:00,19:15:00,名古屋市瑞穂公園ラグビー場,ラグビー（ラグビー7s）,ラグビー（ラグビー7s）,ラグビー（ラグビー7s）- RU703,男子5位-8位決定戦（2試合） ／ 男子準決勝（2試合） ／ 女子5位-8位決定戦（2試合） ／ 女子準決勝（2試合） ／ 男子9位-12位決定戦（2試合） ／ 女子7位決定戦 ／ メダル女子5位決定戦 ／ 男子7位決定戦 ／ 男子5位決定戦 ／ 女子3位決定戦 ／ 男子3位決定戦 ／ 女子決勝 ／ 男子決勝 / ,LIMITED,BUY,True,https://generalsale.tickets-aichi-nagoya2026.org/getFilteredProductsJSON.th?eventCategoryFather=3
2026-08-10,competition,183,183,53,TKW03,64,2026-10-03,09:00:00,18:35:00,豊橋市総合体育館,テコンドー,テコンドー,テコンドー - TKW03,キョルギ ／ 男子-68kg ／ 男子+80kg ／ 女子-57kg ／ 女子+67kg ／ 予選～決勝、表彰式 / メダル,BUY,BUY,True,https://generalsale.tickets-aichi-nagoya2026.org/getFilteredProductsJSON.th?eventCategoryFather=3
2026-08-10,competition,285,285,9,TAR08,56,2026-10-03,09:00:00,15:15:00,岡崎中央総合公園多目的広場,アーチェリー,アーチェリー,アーチェリー - TAR08,決勝会場  1/4-リカーブ女子個人 ／ 1/2-リカーブ女子個人 ／ 3位決定：リカーブ女子個人 ／ 決勝：リカーブ女子個人 ／ 表彰式 ／ 1/4-リカーブ男子個人 ／ 1/2-リカーブ男子個人 ／ 3位決定：リカーブ男子個人 ／ 決勝：リカーブ男子個人 ／ 表彰式 / メダル,LIMITED,BUY,True,https://generalsale.tickets-aichi-nagoya2026.org/getFilteredProductsJSON.th?eventCategoryFather=3
2026-08-10,competition,398,398,20,JJI03,16,2026-10-03,09:00:00,16:30:00,愛知県武道館,コンバットスポーツ (柔術),コンバットスポーツ (柔術),コンバットスポーツ（柔術） - JJI03,予選・敗者復活戦・準決勝 ／ 三位決定戦・決勝・表彰式 ／ 女子 -63kg ／ 男子 -85kg / メダル,BUY,BUY,True,https://generalsale.tickets-aichi-nagoya2026.org/getFilteredProductsJSON.th?eventCategoryFather=3
2026-08-10,competition,491,491,23,CKT21,34,2026-10-03,09:00:00,12:00:00,愛知県口論義運動公園,クリケット（T20）,クリケット（T20）,クリケット (T20) - CKT21,男子3位決定戦 / メダル,BUY,BUY,True,https://generalsale.tickets-aichi-nagoya2026.org/getFilteredProductsJSON.th?eventCategoryFather=3
2026-08-10,competition,526,526,44,SEW24,45,2026-10-03,09:00:00,13:00:00,名古屋市瑞穂公園体育館,セパタクロー,セパタクロー,セパタクロー - SEW24,男子クワッド 決勝 ／ 女子クワッド 決勝／ 男子クワッド、女子クワッド表彰式 / メダル,SOLD_OUT,BUY,True,https://generalsale.tickets-aichi-nagoya2026.org/getFilteredProductsJSON.th?eventCategoryFather=3
2026-08-10,competition,65,65,29,EQU08,29,2026-10-03,09:30:00,13:35:00,馬事公苑,馬術,馬術,馬術 - EQU08,障害馬術 – 個人決勝A （高さ1.45m以下）第1ラウンド ／ 障害馬術 – 個人決勝B （高さ1.55m以下）第1ラウンド,LIMITED,BUY,True,https://generalsale.tickets-aichi-nagoya2026.org/getFilteredProductsJSON.th?eventCategoryFather=3
2026-08-10,competition,206,206,55,VVO23,55,2026-10-03,10:00:00,21:20:00,岡崎中央総合公園総合体育館,バレーボール,バレーボール,バレーボール - VVO23,男子7位決定戦 ／ 男子5位決定戦 ／ 男子3位決定戦 ／ 男子決勝戦 ／ 男子表彰式 / メダル,LIMITED,BUY,True,https://generalsale.tickets-aichi-nagoya2026.org/getFilteredProductsJSON.th?eventCategoryFather=3
2026-08-10,competition,207,207,55,VVO24,57,2026-10-03,10:00:00,21:00:00,小牧市スポーツ公園総合体育館,バレーボール,バレーボール,バレーボール - VVO24,男子9位-16位決定戦（4試合）,LIMITED,BUY,True,https://generalsale.tickets-aichi-nagoya2026.org/getFilteredProductsJSON.th?eventCategoryFather=3
2026-08-10,competition,351,351,51,TEN07,41,2026-10-03,10:00:00,21:00:00,名古屋市東山公園テニスセンター,テニス,テニス,テニス - TEN07, 男子シングルス決勝 ／ 女子ダブルス決勝 ／  男女混合ダブルス決勝 / メダル,LIMITED,BUY,True,https://generalsale.tickets-aichi-nagoya2026.org/getFilteredProductsJSON.th?eventCategoryFather=3
2026-08-10,competition,439,439,13,SBL08,22,2026-10-03,10:00:00,12:00:00,安城市総合運動公園ソフトボール場,ソフトボール,ソフトボール,ソフトボール - SBL08,3位決定戦 / メダル,LIMITED,BUY,True,https://generalsale.tickets-aichi-nagoya2026.org/getFilteredProductsJSON.th?eventCategoryFather=3
2026-08-10,competition,241,241,58,WRE07,42,2026-10-03,10:30:00,14:00:00,名古屋市稲永スポーツセンター,レスリング,レスリング,レスリング - WRE07,＜予選ラウンド＞男子フリースタイル57㎏ ／ 男子フリースタイル74㎏ ／ 男子フリースタイル97㎏ ／ 女子レスリング53㎏ ／ 女子レスリング57㎏,SOLD_OUT,BUY,True,https://generalsale.tickets-aichi-nagoya2026.org/getFilteredProductsJSON.th?eventCategoryFather=3
2026-08-10,competition,135,135,37,JUD07,14,2026-10-03,11:00:00,14:00:00,愛知国際アリーナ,柔道,柔道,柔道 - JUD07,予選・敗者復活戦・準決勝 ／ 男女混合団体,BUY,BUY,True,https://generalsale.tickets-aichi-nagoya2026.org/getFilteredProductsJSON.th?eventCategoryFather=3
2026-08-10,competition,672,672,43,SAL15,30,2026-10-03,11:00:00,12:30:00,海陽ヨットハーバー,セーリング,セーリング,Sailing - セーリング,少年男子ウィンドサーフィン / 少年女子ウィンドサーフィン / 成年男女混合二人乗りディンギー,LIMITED,BUY,True,https://generalsale.tickets-aichi-nagoya2026.org/getFilteredProductsJSON.th?eventCategoryFather=3
2026-08-10,competition,220,220,56,VBV14,26,2026-10-03,12:00:00,14:30:00,碧南緑地ビーチコート,ビーチバレーボール,ビーチバレーボール,ビーチバレー - VBV14,男子3位決定戦 ／ 男子決勝戦 / 表彰式 / メダル,LIMITED,BUY,True,https://generalsale.tickets-aichi-nagoya2026.org/getFilteredProductsJSON.th?eventCategoryFather=3
2026-08-10,competition,99,99,80,GRY03,70,2026-10-03,13:00:00,16:15:00,名古屋市総合体育館［レインボーホール］,体操 (新体操),体操 (新体操),体操（新体操） - GRY03,個人 決勝 / メダル,LIMITED,BUY,True,https://generalsale.tickets-aichi-nagoya2026.org/getFilteredProductsJSON.th?eventCategoryFather=3
2026-08-10,competition,244,244,16,BKG02,20,2026-10-03,14:00:00,18:00:00,愛知県国際展示場［Aichi Sky Expo］（ホールF）,ブレイキン,ブレイキン,ブレイキン - BKG02,男子準々決勝 ／ 女子準々決勝 ／ 男子準決勝 ／ 女子準決勝 ／ 男子3位決定戦 ／ 女子3位決定戦 ／ 男子決勝 ／ 女子決勝 / メダル,SOLD_OUT,BUY,True,https://generalsale.tickets-aichi-nagoya2026.org/getFilteredProductsJSON.th?eventCategoryFather=3
2026-08-10,competition,440,440,13,SBL09,22,2026-10-03,14:00:00,16:00:00,安城市総合運動公園ソフトボール場,ソフトボール,ソフトボール,ソフトボール - SBL09,決勝戦 / 表彰式 / メダル,LIMITED,BUY,True,https://generalsale.tickets-aichi-nagoya2026.org/getFilteredProductsJSON.th?eventCategoryFather=3
2026-08-10,competition,492,492,23,CKT22,34,2026-10-03,14:00:00,17:00:00,愛知県口論義運動公園,クリケット（T20）,クリケット（T20）,クリケット (T20) - CKT22,男子決勝 / メダル,SOLD_OUT,BUY,True,https://generalsale.tickets-aichi-nagoya2026.org/getFilteredProductsJSON.th?eventCategoryFather=3
2026-08-10,competition,658,658,8,WPO13,40,2026-10-03,14:15:00,21:15:00,名古屋市総合体育館［レインボープール］,水泳 (水球),水泳 (水球),水泳（水球） - WPO13,男子7位決定戦 / 男子5位決定戦 / 男子3位決定戦 / 男子決勝 / メダル,LIMITED,BUY,True,https://generalsale.tickets-aichi-nagoya2026.org/getFilteredProductsJSON.th?eventCategoryFather=3
2026-08-10,competition,86,86,32,FBL32,66,2026-10-03,15:00:00,21:30:00,豊田スタジアム,サッカー,サッカー,サッカー - FBL32,男子3位決定戦 ／ 男子決勝戦 ／ 表彰式 / メダル,LIMITED,BUY,True,https://generalsale.tickets-aichi-nagoya2026.org/getFilteredProductsJSON.th?eventCategoryFather=3
2026-08-10,competition,136,136,37,JUD08,14,2026-10-03,17:00:00,19:30:00,愛知国際アリーナ,柔道,柔道,柔道 - JUD08,3位決定戦・決勝・表彰式 ／ 男女混合団体 / メダル,BUY,BUY,True,https://generalsale.tickets-aichi-nagoya2026.org/getFilteredProductsJSON.th?eventCategoryFather=3
2026-08-10,competition,242,242,58,WRE08,42,2026-10-03,18:00:00,21:00:00,名古屋市稲永スポーツセンター,レスリング,レスリング,レスリング - WRE08,＜決勝ラウンド＞男子フリースタイル57㎏ ／ 男子フリースタイル74㎏ ／ 男子フリースタイル97㎏ ／ 女子レスリング53㎏ ／ 女子レスリング57㎏ / メダル,LIMITED,BUY,True,https://generalsale.tickets-aichi-nagoya2026.org/getFilteredProductsJSON.th?eventCategoryFather=3
2026-08-10,competition,369,369,47,CLB06,48,2026-10-03,18:00:00,20:35:00,名古屋市国際展示場［ポートメッセなごや］第1展示館,スポーツクライミング,スポーツクライミング,スポーツクライミング - CLB06,女子リード 決勝 ／ 男子リード 決勝 / メダル,LIMITED,BUY,True,https://generalsale.tickets-aichi-nagoya2026.org/getFilteredProductsJSON.th?eventCategoryFather=3
2026-08-10,competition,100,100,80,GRY04,70,2026-10-03,19:00:00,21:15:00,名古屋市総合体育館［レインボーホール］,体操 (新体操),体操 (新体操),体操（新体操） - GRY04,団体 決勝 / メダル,LIMITED,BUY,True,https://generalsale.tickets-aichi-nagoya2026.org/getFilteredProductsJSON.th?eventCategoryFather=3
2026-08-10,competition,66,66,29,EQU09,29,2026-10-04,09:30:00,13:40:00,馬事公苑,馬術,馬術,馬術 - EQU09,障害馬術 – 個人決勝A（高さ1.50m以下） 第2ラウンド（20スターター） ／ 障害馬術 – 個人 表彰式 ／ 障害馬術 – 個人決勝B（高さ1.55m以下）第2ラウンド（20スターター）／ 障害馬術 – 個人 表彰式 / メダル,SOLD_OUT,BUY,True,https://generalsale.tickets-aichi-nagoya2026.org/getFilteredProductsJSON.th?eventCategoryFather=3
2026-08-10,closing_ceremony,246,246,79,OCC01,44,2026-10-04,18:00:00,19:30:00,名古屋市瑞穂公園陸上競技場,閉会式 (アジア大会),閉会式,閉会式（アジア大会） - OCC01,セレモニー,LIMITED,BUY,True,https://generalsale.tickets-aichi-nagoya2026.org/getFilteredProductsJSON.th?eventCategoryFather=3
